case_id,c,sx,sy,r1,a2,b1,b2,A,Ts,mu,ood_group,ood_parameter,ood_side,normalized_ood_distance,safety_margin_mm
Case_1001,1.83,117.75,259.38,49.93,76.49,86.6,146.27,41.116,0.394,2820.66,geometry_ood,r1,lower,0.0035,30.878
Case_1002,2.39,64.55,318.54,48.59,77.15,112.12,151.48,12.253,0.178,2746.33,geometry_ood,r1,lower,0.0705,142.554
Case_1003,2.48,104.79,166.72,54.62,71.63,79.69,82.92,27.728,0.202,1018.57,geometry_ood,b1,lower,0.00775,28.344
Case_1004,1.99,92.36,281.99,55.42,41.79,97.31,165.09,34.85,0.329,2762.85,geometry_ood,b2,upper,0.063625,47.2
Case_1005,2.26,46.15,301.8,65.55,37.94,89.18,80.98,16.24,0.173,1364.09,geometry_ood,a2,lower,0.0515,188.34
Case_1006,3.04,110.37,295.88,63.87,63.2,98.52,82.98,84.965,0.191,2091.32,geometry_ood,c,upper,0.02,42.97
Case_1007,1.0,116.03,189.12,48.24,40.3,92.33,94.51,19.769,0.426,1653.52,geometry_ood,r1,lower,0.088,55.072
Case_1008,2.72,116.29,324.52,59.34,41.93,82.62,156.37,70.241,0.34,1768.96,geometry_ood,sy,upper,0.0226,27.668
Case_1009,2.04,112.2,312.12,71.63,56.11,92.42,110.16,48.89,0.256,2340.51,geometry_ood,r1,upper,0.0815,104.18
Case_1010,2.24,60.25,228.26,57.51,66.62,123.6,145.1,30.736,0.413,1696.26,geometry_ood,b1,upper,0.09,21.688
Case_1011,2.98,85.1,251.7,54.01,72.81,122.87,97.53,67.314,0.165,1597.42,geometry_ood,b1,upper,0.07175,19.542
Case_1012,3.07,73.0,276.48,65.83,66.4,90.89,91.84,42.338,0.277,1026.75,geometry_ood,c,upper,0.035,99.964
Case_1013,2.44,91.33,274.43,60.21,47.38,100.5,167.84,34.102,0.415,1340.89,geometry_ood,b2,upper,0.098,38.386
Case_1014,2.3,104.48,302.1,59.24,81.78,110.66,112.06,69.246,0.396,1940.35,geometry_ood,a2,upper,0.0445,51.548
Case_1015,2.86,114.6,305.52,56.36,45.37,79.48,107.79,47.347,0.415,1384.55,geometry_ood,b1,lower,0.013,103.036
Case_1016,1.49,39.88,202.88,55.75,47.19,102.74,111.44,37.02,0.158,1038.24,geometry_ood,sx,lower,0.0015,17.4
Case_1017,2.85,97.28,292.85,70.04,55.67,84.51,158.68,60.522,0.445,2563.56,geometry_ood,r1,upper,0.002,13.126
Case_1018,2.48,53.22,113.48,60.63,56.39,87.76,81.71,10.166,0.101,2083.94,geometry_ood,sy,lower,0.0326,11.438
Case_1019,1.84,76.76,174.27,51.01,46.65,78.26,102.34,26.295,0.278,2955.67,geometry_ood,b1,lower,0.0435,19.34
Case_1020,2.78,121.68,308.05,55.49,71.56,91.26,121.19,72.853,0.378,1289.1,geometry_ood,sx,upper,0.021,41.154
Case_1021,2.2,124.4,251.14,52.8,69.71,94.79,150.3,12.324,0.126,1884.66,geometry_ood,sx,upper,0.055,76.192
Case_1022,1.95,66.19,242.3,64.64,57.99,99.99,78.73,51.304,0.197,1159.94,geometry_ood,b2,lower,0.015875,60.962
Case_1023,2.37,81.67,316.46,52.55,58.05,77.39,122.97,35.512,0.2,2811.13,geometry_ood,b1,lower,0.06525,122.466
Case_1024,3.17,89.74,206.76,51.93,47.86,88.78,112.25,39.043,0.38,1905.79,geometry_ood,c,upper,0.085,16.424
Case_1025,2.01,50.86,291.04,48.18,67.22,114.71,131.23,14.076,0.343,1940.9,geometry_ood,r1,lower,0.091,131.658
Case_1026,1.59,46.05,230.67,56.64,77.04,121.44,100.6,56.595,0.185,2124.35,geometry_ood,b1,upper,0.036,16.88
Case_1027,1.8,54.48,119.03,60.45,42.83,85.94,81.81,12.575,0.343,2973.46,geometry_ood,sy,lower,0.00485,12.07
Case_1028,2.81,99.64,116.93,56.61,79.57,92.31,83.08,10.878,0.361,1447.03,geometry_ood,sy,lower,0.01535,12.094
Case_1029,0.96,93.63,159.23,65.81,42.06,118.95,89.8,17.913,0.28,2913.27,geometry_ood,c,lower,0.02,33.604
Case_1030,2.71,91.21,299.69,60.81,72.96,120.34,121.87,25.827,0.274,2434.15,geometry_ood,b1,upper,0.0085,126.166
Case_1031,2.56,52.34,323.77,57.24,68.8,108.78,101.63,13.0,0.345,2120.3,geometry_ood,sy,upper,0.01885,196.14
Case_1032,3.04,89.86,249.28,66.45,78.11,94.71,112.15,11.533,0.468,2988.82,geometry_ood,c,upper,0.02,114.064
Case_1033,1.75,50.7,244.86,65.96,82.13,87.32,150.59,31.067,0.497,2408.89,geometry_ood,a2,upper,0.05325,32.136
Case_1034,1.41,65.95,221.86,59.31,49.51,97.92,164.64,22.208,0.284,1353.68,geometry_ood,b2,upper,0.058,12.804
Case_1035,0.8,62.75,230.05,53.67,58.74,86.94,115.8,34.665,0.233,2284.14,geometry_ood,c,lower,0.1,44.92
Case_1036,1.4,102.46,311.31,66.96,71.11,111.31,162.83,12.513,0.444,2355.04,geometry_ood,b2,upper,0.035375,123.454
Case_1037,2.24,33.73,309.42,65.86,69.8,116.07,96.43,55.948,0.337,1303.85,geometry_ood,sx,lower,0.078375,101.094
Case_1038,1.39,124.0,299.6,67.54,66.82,101.32,154.94,62.869,0.117,2014.82,geometry_ood,sx,upper,0.05,18.922
Case_1039,2.1,117.43,260.04,59.23,71.41,95.74,77.83,73.999,0.205,1210.76,geometry_ood,b2,lower,0.027125,34.212
Case_1040,2.26,74.81,320.18,60.84,61.17,88.83,126.93,66.728,0.115,1795.7,geometry_ood,sy,upper,0.0009,59.794
Case_1041,1.05,50.79,158.65,56.42,81.21,87.02,95.99,23.433,0.111,1552.87,geometry_ood,a2,upper,0.03025,15.794
Case_1042,1.55,81.01,282.4,52.8,40.12,98.4,74.3,69.682,0.125,2495.92,geometry_ood,b2,lower,0.07125,68.736
Case_1043,0.9,44.4,238.8,53.79,59.9,101.64,150.37,32.634,0.454,2042.96,geometry_ood,c,lower,0.05,23.162
Case_1044,1.91,46.83,334.71,56.6,42.49,105.92,155.16,63.275,0.103,2501.2,geometry_ood,sy,upper,0.07355,53.0
Case_1045,0.85,88.31,289.16,68.58,79.67,113.4,109.21,27.13,0.243,2290.94,geometry_ood,c,lower,0.075,125.69
Case_1046,2.43,114.67,280.05,53.85,36.12,90.24,107.98,78.935,0.387,1777.37,geometry_ood,a2,lower,0.097,14.2
Case_1047,1.85,49.88,273.44,70.57,62.94,91.48,127.96,41.28,0.397,1763.79,geometry_ood,r1,upper,0.0285,62.92
Case_1048,2.13,34.8,248.3,53.87,66.62,95.49,137.72,29.318,0.268,1590.65,geometry_ood,sx,lower,0.065,51.944
Case_1049,1.72,43.19,119.47,60.44,62.08,88.16,82.1,12.747,0.124,2091.39,geometry_ood,sy,lower,0.00265,11.876
Case_1050,2.35,97.08,284.22,67.73,38.54,95.41,82.44,46.456,0.222,1208.54,geometry_ood,a2,lower,0.0365,108.868
Case_1051,1.75,41.21,169.37,62.2,63.94,97.6,93.78,13.226,0.061,1537.36,loading_ood,Ts,lower,0.0975,49.138
Case_1052,1.61,77.36,316.41,54.97,61.65,83.5,96.85,95.836,0.458,2598.84,loading_ood,A,upper,0.07295,27.888
Case_1053,1.58,89.08,303.98,68.5,44.92,108.05,123.03,7.422,0.407,2458.79,loading_ood,A,lower,0.032225,166.106
Case_1054,2.82,113.91,120.52,61.41,75.73,95.92,86.89,6.709,0.4,1269.23,loading_ood,A,lower,0.0411375,20.212
Case_1055,2.27,43.72,309.71,62.43,49.93,104.28,80.5,90.659,0.306,2153.17,loading_ood,A,upper,0.0082375,47.892
Case_1056,2.17,86.61,288.65,62.18,79.27,114.34,116.4,3.121,0.41,1792.08,loading_ood,A,lower,0.0859875,166.008
Case_1057,1.55,117.11,315.78,56.66,70.64,93.91,96.52,32.579,0.527,2528.08,loading_ood,Ts,upper,0.0675,154.102
Case_1058,2.87,78.47,298.78,68.26,42.38,102.99,135.1,8.115,0.257,2676.82,loading_ood,A,lower,0.0235625,147.45
Case_1059,1.65,71.52,318.85,54.47,41.12,96.84,83.26,91.839,0.232,2036.5,loading_ood,A,upper,0.0229875,51.912
Case_1060,2.05,71.75,293.26,61.08,64.81,80.14,98.27,79.276,0.503,2360.63,loading_ood,Ts,upper,0.0075,36.438
Case_1061,2.3,84.42,315.5,55.9,69.99,115.81,112.58,4.382,0.148,2475.67,loading_ood,A,lower,0.070225,194.156
Case_1062,2.41,119.5,269.58,58.7,53.68,118.41,95.61,33.664,0.538,1960.79,loading_ood,Ts,upper,0.095,106.642
Case_1063,1.91,89.54,243.86,65.35,76.56,87.7,106.06,54.398,0.527,1430.45,loading_ood,Ts,upper,0.0675,29.004
Case_1064,2.7,69.9,251.37,64.34,52.2,102.6,132.15,45.076,0.099,2570.6,loading_ood,Ts,lower,0.0025,29.068
Case_1065,2.86,77.65,300.51,63.52,46.28,111.52,95.94,97.047,0.466,2407.3,loading_ood,A,upper,0.0880875,10.476
Case_1066,2.67,49.84,298.49,52.96,68.15,100.17,118.48,69.842,0.076,2370.28,loading_ood,Ts,lower,0.06,40.326
Case_1067,2.14,92.33,297.77,69.36,43.34,119.95,151.73,29.419,0.073,2393.73,loading_ood,Ts,lower,0.0675,87.202
Case_1068,2.54,87.17,293.98,53.15,58.02,102.56,80.71,96.346,0.377,2901.53,loading_ood,A,upper,0.079325,20.578
Case_1069,1.18,55.01,310.51,58.88,62.62,106.09,111.88,93.326,0.125,1759.55,loading_ood,A,upper,0.041575,11.978
Case_1070,1.33,97.78,255.43,55.99,50.27,87.46,142.19,26.633,0.085,1354.72,loading_ood,Ts,lower,0.0375,59.974
Case_1071,2.39,65.91,256.87,62.95,44.1,108.9,91.7,5.612,0.238,2118.63,loading_ood,A,lower,0.05485,153.946
Case_1072,1.45,92.17,307.13,69.55,51.82,109.44,81.11,92.903,0.346,2992.54,loading_ood,A,upper,0.0362875,40.214
Case_1073,2.53,68.95,255.0,63.28,60.03,116.0,109.31,54.631,0.087,2740.38,loading_ood,Ts,lower,0.0325,36.428
Case_1074,1.03,78.71,292.38,64.08,44.9,99.8,82.66,91.27,0.31,1083.17,loading_ood,A,upper,0.015875,27.18
Case_1075,2.55,108.27,231.71,50.33,77.21,104.15,85.78,34.39,0.087,1940.56,loading_ood,Ts,lower,0.0325,77.15
Case_1076,1.78,105.47,265.72,50.79,70.34,117.65,126.06,53.342,0.523,2425.57,loading_ood,Ts,upper,0.0575,32.976
Case_1077,1.12,102.92,273.41,52.98,54.25,99.68,106.19,6.788,0.101,2923.5,loading_ood,A,lower,0.04015,153.644
Case_1078,1.62,88.26,284.04,64.74,74.74,101.36,83.0,93.741,0.15,1479.64,loading_ood,A,upper,0.0467625,13.558
Case_1079,1.97,73.83,219.92,67.37,56.21,101.96,115.35,9.283,0.261,1216.37,loading_ood,A,lower,0.0089625,86.004
Case_1080,1.17,59.74,175.23,67.57,69.69,108.99,87.18,21.87,0.073,1405.31,loading_ood,Ts,lower,0.0675,44.31
Case_1081,2.09,98.98,297.12,56.92,59.36,89.62,139.75,57.124,0.067,1471.63,loading_ood,Ts,lower,0.0825,43.122
Case_1082,1.77,52.28,226.22,56.42,42.23,108.53,128.52,4.981,0.252,2664.18,loading_ood,A,lower,0.0627375,87.738
Case_1083,2.76,43.54,306.32,52.58,73.07,91.97,107.02,84.544,0.526,1691.99,loading_ood,Ts,upper,0.065,30.212
Case_1084,2.31,53.46,205.93,57.2,73.95,109.56,146.96,24.39,0.072,2376.08,loading_ood,Ts,lower,0.07,10.19
Case_1085,2.36,112.35,308.76,67.28,42.63,95.14,108.0,84.173,0.519,2527.06,loading_ood,Ts,upper,0.0475,32.414
Case_1086,2.99,83.63,136.73,50.53,76.24,117.15,112.87,2.632,0.167,1097.06,loading_ood,A,lower,0.0921,18.596
Case_1087,1.4,94.51,296.34,53.74,65.36,82.43,83.67,96.034,0.363,1474.43,loading_ood,A,upper,0.075425,20.602
Case_1088,1.27,99.07,317.89,65.96,46.95,116.03,144.73,29.25,0.514,2761.24,loading_ood,Ts,upper,0.035,114.66
Case_1089,1.44,93.19,317.45,60.89,60.39,84.67,91.88,3.457,0.234,2588.21,loading_ood,A,lower,0.0817875,218.656
Case_1090,1.2,50.83,224.41,51.25,40.56,115.09,145.18,17.23,0.08,1804.73,loading_ood,Ts,lower,0.05,44.77
Case_1091,1.37,113.69,202.96,57.0,79.56,92.06,121.47,17.78,0.07,1350.96,loading_ood,Ts,lower,0.075,45.93
Case_1092,2.64,112.99,304.58,68.06,76.72,103.22,94.71,64.237,0.066,2880.33,loading_ood,Ts,lower,0.085,81.396
Case_1093,2.33,116.52,316.81,67.85,74.61,114.28,120.43,66.808,0.517,1159.51,loading_ood,Ts,upper,0.0425,62.764
Case_1094,1.05,98.65,281.04,51.91,57.95,109.8,85.09,91.67,0.109,1052.23,loading_ood,A,upper,0.020875,12.61
Case_1095,1.3,110.33,156.43,50.85,42.44,85.64,123.66,6.127,0.259,2680.52,loading_ood,A,lower,0.0484125,20.516
Case_1096,1.35,47.3,285.48,59.61,72.19,117.37,140.56,16.974,0.508,1773.93,loading_ood,Ts,upper,0.02,110.972
Case_1097,2.8,94.77,311.27,52.83,69.11,91.85,110.15,92.391,0.405,1109.63,loading_ood,A,upper,0.0298875,16.338
Case_1098,2.13,97.25,309.34,62.47,56.62,90.0,95.17,97.38,0.124,1848.63,loading_ood,A,upper,0.09225,19.41
Case_1099,1.35,52.48,247.29,50.05,44.67,92.43,110.76,38.365,0.501,2130.36,loading_ood,Ts,upper,0.0025,59.8
Case_1100,2.28,81.46,182.22,51.96,62.79,99.31,133.77,18.746,0.517,1740.8,loading_ood,Ts,upper,0.0425,10.958
Case_1101,2.87,58.37,318.4,59.88,60.37,96.22,137.94,54.028,0.4,834.86,material_ood,mu,lower,0.08257,72.404
Case_1102,2.26,104.62,301.55,56.3,68.67,117.38,120.52,45.824,0.416,3118.34,material_ood,mu,upper,0.05917,89.382
Case_1103,2.12,48.3,277.03,50.09,72.16,103.81,102.32,46.564,0.191,3110.65,material_ood,mu,upper,0.055325,81.582
Case_1104,2.12,85.99,258.14,59.59,62.43,84.44,100.46,59.622,0.274,3081.18,material_ood,mu,upper,0.04059,38.436
Case_1105,2.37,102.76,222.28,52.75,42.23,88.46,82.96,59.475,0.14,951.86,material_ood,mu,lower,0.02407,20.37
Case_1106,1.92,75.76,252.97,59.76,70.42,84.8,85.97,18.402,0.285,3150.75,material_ood,mu,upper,0.075375,130.196
Case_1107,1.64,80.51,158.4,57.98,72.07,116.82,86.43,29.761,0.334,842.28,material_ood,mu,lower,0.07886,12.448
Case_1108,1.62,54.12,207.86,64.23,46.12,88.58,135.63,12.005,0.304,3190.01,material_ood,mu,upper,0.095005,48.22
Case_1109,2.47,57.89,197.33,50.42,74.34,86.64,85.86,16.859,0.292,3031.51,material_ood,mu,upper,0.015755,77.752
Case_1110,1.71,110.42,309.14,54.05,61.2,96.9,128.51,17.514,0.411,3144.42,material_ood,mu,upper,0.07221,145.602
Case_1111,2.85,69.04,280.98,52.08,76.77,105.43,109.4,19.829,0.305,881.37,material_ood,mu,lower,0.059315,131.922
Case_1112,1.06,99.26,221.85,55.86,53.47,101.9,100.5,20.398,0.492,992.53,material_ood,mu,lower,0.003735,80.554
Case_1113,1.81,66.2,294.06,58.84,49.32,108.94,96.11,88.716,0.176,913.07,material_ood,mu,lower,0.043465,20.518
Case_1114,2.01,75.93,252.25,69.34,53.38,103.99,121.3,13.481,0.408,800.5,material_ood,mu,lower,0.09975,103.988
Case_1115,1.24,119.79,308.57,62.61,70.03,115.31,134.24,37.99,0.114,861.67,material_ood,mu,lower,0.069165,98.35
Case_1116,1.41,108.73,203.5,57.03,59.09,82.35,97.97,37.291,0.1,995.95,material_ood,mu,lower,0.002025,30.948
Case_1117,2.34,68.11,275.94,69.28,60.16,111.54,140.17,18.729,0.414,857.51,material_ood,mu,lower,0.071245,98.312
Case_1118,2.42,100.26,217.88,66.3,73.03,85.38,138.49,26.882,0.399,3129.62,material_ood,mu,upper,0.06481,25.626
Case_1119,2.22,42.97,172.04,59.56,59.97,95.19,113.75,13.018,0.222,981.86,material_ood,mu,lower,0.00907,32.254
Case_1120,1.36,84.76,236.27,56.95,52.41,99.83,118.88,36.651,0.38,916.81,material_ood,mu,lower,0.041595,44.088
Case_1121,1.57,63.34,211.22,64.65,57.22,105.14,143.07,27.373,0.196,3190.32,material_ood,mu,upper,0.09516,13.404
Case_1122,2.13,78.19,204.79,67.47,54.41,119.14,115.68,33.213,0.263,3089.67,material_ood,mu,upper,0.044835,22.684
Case_1123,1.99,114.3,231.27,66.46,68.79,90.84,135.17,22.447,0.449,3070.15,material_ood,mu,upper,0.035075,51.206
Case_1124,1.55,42.05,230.86,68.25,77.12,111.41,138.29,34.156,0.406,891.85,material_ood,mu,lower,0.054075,24.258
Case_1125,2.15,118.29,294.79,59.52,75.21,84.59,109.87,52.323,0.266,3095.06,material_ood,mu,upper,0.04753,80.274
Case_1126,2.73,85.13,305.79,61.47,43.03,110.81,106.64,74.417,0.489,960.19,material_ood,mu,lower,0.019905,50.316
Case_1127,2.02,42.96,316.47,68.03,75.59,100.4,100.77,21.422,0.211,850.97,material_ood,mu,lower,0.074515,172.856
Case_1128,1.4,118.77,256.47,58.01,40.01,90.52,102.87,22.336,0.393,3115.48,material_ood,mu,upper,0.05774,108.928
Case_1129,1.17,111.96,315.42,51.85,54.0,89.15,92.93,65.152,0.358,3174.64,material_ood,mu,upper,0.08732,92.186
Case_1130,2.19,117.73,313.77,66.54,40.68,107.46,107.09,33.428,0.248,816.31,material_ood,mu,lower,0.091845,139.824
Case_1131,2.02,64.4,223.96,55.01,58.33,114.4,112.6,50.303,0.208,3075.73,material_ood,mu,upper,0.037865,10.754
Case_1132,1.33,75.43,295.36,64.08,50.45,107.22,97.08,87.973,0.278,907.29,material_ood,mu,lower,0.046355,22.334
Case_1133,2.16,49.29,269.85,56.15,60.13,104.33,104.82,10.451,0.422,3005.73,material_ood,mu,upper,0.002865,144.128
Case_1134,2.24,111.05,222.79,53.91,65.01,93.12,156.91,19.952,0.127,855.93,material_ood,mu,lower,0.072035,25.976
Case_1135,1.08,100.38,240.25,63.79,44.0,118.7,105.92,36.46,0.227,804.11,material_ood,mu,lower,0.097945,61.41
Case_1136,1.09,95.72,291.68,67.2,78.05,104.58,114.2,68.925,0.151,3020.11,material_ood,mu,upper,0.010055,39.63
Case_1137,1.56,95.94,171.83,64.16,51.22,118.41,116.6,20.802,0.159,973.66,material_ood,mu,lower,0.01317,13.626
Case_1138,2.74,81.68,317.36,52.06,79.39,92.92,136.51,30.532,0.486,3082.73,material_ood,mu,upper,0.041365,119.786
Case_1139,2.48,55.57,287.09,61.94,47.15,82.55,82.39,15.87,0.181,3076.42,material_ood,mu,upper,0.03821,172.96
Case_1140,2.35,115.5,212.48,61.64,68.11,109.71,93.97,22.869,0.429,952.57,material_ood,mu,lower,0.023715,72.772
Case_1141,1.59,48.04,203.79,60.8,73.05,115.81,115.2,23.033,0.335,3069.52,material_ood,mu,upper,0.03476,42.524
Case_1142,2.59,111.73,245.36,61.19,60.41,98.03,129.88,42.0,0.173,842.93,material_ood,mu,lower,0.078535,31.48
Case_1143,1.01,112.72,233.11,65.2,62.29,92.71,92.6,40.709,0.31,957.83,material_ood,mu,lower,0.021085,59.092
Case_1144,2.66,116.18,231.72,51.93,45.96,87.04,102.98,54.741,0.245,811.38,material_ood,mu,lower,0.09431,19.258
Case_1145,2.54,63.91,173.27,51.11,67.38,95.27,124.91,11.282,0.489,3129.25,material_ood,mu,upper,0.064625,25.796
Case_1146,2.56,88.14,317.0,63.9,55.1,83.82,158.05,56.974,0.205,3147.92,material_ood,mu,upper,0.07396,45.002
Case_1147,2.96,80.41,248.74,69.85,70.7,107.0,127.54,43.682,0.41,3038.59,material_ood,mu,upper,0.019295,33.836
Case_1148,1.24,75.06,260.63,68.71,40.61,92.87,121.11,29.166,0.395,3078.97,material_ood,mu,upper,0.039485,81.188
Case_1149,2.73,47.13,269.03,60.92,70.66,99.36,117.36,40.424,0.484,3004.98,material_ood,mu,upper,0.00249,70.822
Case_1150,1.77,72.98,190.92,69.58,54.33,95.8,110.67,14.028,0.22,882.26,material_ood,mu,lower,0.05887,52.194
