case_id,status,split,train_order,hdf5_file,nodes,time_steps,size_bytes
Case_0001,valid_hdf5,train,591,Case_0001.h5,725,151,676040
Case_0002,valid_hdf5,test,,Case_0002.h5,725,151,701296
Case_0003,valid_hdf5,train,473,Case_0003.h5,725,151,656127
Case_0004,valid_hdf5,train,610,Case_0004.h5,725,151,693119
Case_0005,valid_hdf5,train,54,Case_0005.h5,725,151,648347
Case_0006,valid_hdf5,train,39,Case_0006.h5,725,151,675102
Case_0007,valid_hdf5,train,762,Case_0007.h5,725,151,644611
Case_0008,valid_hdf5,train,541,Case_0008.h5,725,151,699655
Case_0009,valid_hdf5,train,400,Case_0009.h5,725,151,653995
Case_0010,valid_hdf5,train,420,Case_0010.h5,725,151,644720
Case_0011,valid_hdf5,train,112,Case_0011.h5,725,151,681482
Case_0012,valid_hdf5,train,625,Case_0012.h5,725,151,704432
Case_0013,valid_hdf5,train,342,Case_0013.h5,725,151,629048
Case_0014,valid_hdf5,train,51,Case_0014.h5,725,151,668422
Case_0015,valid_hdf5,train,288,Case_0015.h5,725,151,656675
Case_0016,valid_hdf5,train,485,Case_0016.h5,725,151,684973
Case_0017,valid_hdf5,valid,,Case_0017.h5,725,151,700904
Case_0018,valid_hdf5,train,47,Case_0018.h5,725,151,632175
Case_0019,valid_hdf5,valid,,Case_0019.h5,725,151,672349
Case_0020,valid_hdf5,train,587,Case_0020.h5,725,151,707631
Case_0021,valid_hdf5,train,56,Case_0021.h5,725,151,673520
Case_0022,valid_hdf5,train,547,Case_0022.h5,725,151,700319
Case_0023,valid_hdf5,train,266,Case_0023.h5,725,151,652978
Case_0024,valid_hdf5,train,187,Case_0024.h5,725,151,651504
Case_0025,valid_hdf5,test,,Case_0025.h5,725,151,689780
Case_0026,valid_hdf5,train,798,Case_0026.h5,725,151,703441
Case_0027,valid_hdf5,train,6,Case_0027.h5,725,151,690267
Case_0028,valid_hdf5,train,776,Case_0028.h5,725,151,686562
Case_0029,valid_hdf5,test,,Case_0029.h5,725,151,644850
Case_0030,valid_hdf5,train,32,Case_0030.h5,725,151,686004
Case_0031,valid_hdf5,train,782,Case_0031.h5,725,151,685771
Case_0032,valid_hdf5,train,116,Case_0032.h5,725,151,695266
Case_0033,valid_hdf5,train,783,Case_0033.h5,725,151,647469
Case_0034,valid_hdf5,test,,Case_0034.h5,725,151,701422
Case_0035,valid_hdf5,train,76,Case_0035.h5,725,151,725378
Case_0036,valid_hdf5,train,299,Case_0036.h5,725,151,656554
Case_0037,valid_hdf5,train,367,Case_0037.h5,725,151,688253
Case_0038,valid_hdf5,train,183,Case_0038.h5,725,151,674248
Case_0039,valid_hdf5,valid,,Case_0039.h5,725,151,692979
Case_0040,valid_hdf5,train,137,Case_0040.h5,725,151,686612
Case_0041,valid_hdf5,train,437,Case_0041.h5,725,151,686677
Case_0042,valid_hdf5,train,130,Case_0042.h5,725,151,695989
Case_0043,valid_hdf5,train,362,Case_0043.h5,725,151,686620
Case_0044,valid_hdf5,train,202,Case_0044.h5,725,151,687637
Case_0045,valid_hdf5,train,740,Case_0045.h5,725,151,684268
Case_0046,valid_hdf5,train,379,Case_0046.h5,725,151,680746
Case_0047,valid_hdf5,train,722,Case_0047.h5,725,151,638049
Case_0048,valid_hdf5,train,195,Case_0048.h5,725,151,686172
Case_0049,valid_hdf5,train,641,Case_0049.h5,725,151,636853
Case_0050,valid_hdf5,valid,,Case_0050.h5,725,151,673380
Case_0051,valid_hdf5,train,11,Case_0051.h5,725,151,675016
Case_0052,valid_hdf5,train,487,Case_0052.h5,725,151,672498
Case_0053,valid_hdf5,train,383,Case_0053.h5,725,151,694131
Case_0054,valid_hdf5,valid,,Case_0054.h5,725,151,689804
Case_0055,valid_hdf5,train,171,Case_0055.h5,725,151,695592
Case_0056,valid_hdf5,train,509,Case_0056.h5,725,151,699394
Case_0057,valid_hdf5,valid,,Case_0057.h5,725,151,640686
Case_0058,valid_hdf5,train,679,Case_0058.h5,725,151,716376
Case_0059,valid_hdf5,train,456,Case_0059.h5,725,151,653093
Case_0060,valid_hdf5,train,582,Case_0060.h5,725,151,687644
Case_0061,valid_hdf5,train,538,Case_0061.h5,725,151,698889
Case_0062,valid_hdf5,train,36,Case_0062.h5,725,151,637375
Case_0063,valid_hdf5,train,506,Case_0063.h5,725,151,664483
Case_0064,valid_hdf5,train,245,Case_0064.h5,725,151,653464
Case_0065,valid_hdf5,train,58,Case_0065.h5,725,151,663299
Case_0066,valid_hdf5,train,633,Case_0066.h5,725,151,694374
Case_0067,valid_hdf5,train,71,Case_0067.h5,725,151,655849
Case_0068,valid_hdf5,train,672,Case_0068.h5,725,151,655446
Case_0069,valid_hdf5,train,160,Case_0069.h5,725,151,615198
Case_0070,valid_hdf5,train,536,Case_0070.h5,725,151,674949
Case_0071,valid_hdf5,train,576,Case_0071.h5,725,151,722614
Case_0072,valid_hdf5,train,723,Case_0072.h5,725,151,681502
Case_0073,valid_hdf5,train,540,Case_0073.h5,725,151,692751
Case_0074,valid_hdf5,train,698,Case_0074.h5,725,151,689092
Case_0075,valid_hdf5,train,421,Case_0075.h5,725,151,689990
Case_0076,valid_hdf5,train,416,Case_0076.h5,725,151,661445
Case_0077,valid_hdf5,test,,Case_0077.h5,725,151,713323
Case_0078,valid_hdf5,train,491,Case_0078.h5,725,151,668359
Case_0079,valid_hdf5,train,125,Case_0079.h5,725,151,653286
Case_0080,valid_hdf5,train,20,Case_0080.h5,725,151,687975
Case_0081,valid_hdf5,train,734,Case_0081.h5,725,151,683976
Case_0082,valid_hdf5,train,717,Case_0082.h5,725,151,652383
Case_0083,valid_hdf5,train,447,Case_0083.h5,725,151,643651
Case_0084,valid_hdf5,train,436,Case_0084.h5,725,151,693809
Case_0085,valid_hdf5,test,,Case_0085.h5,725,151,697767
Case_0086,valid_hdf5,valid,,Case_0086.h5,725,151,654625
Case_0087,valid_hdf5,train,204,Case_0087.h5,725,151,662787
Case_0088,valid_hdf5,train,578,Case_0088.h5,725,151,690251
Case_0089,valid_hdf5,test,,Case_0089.h5,725,151,662809
Case_0090,valid_hdf5,train,786,Case_0090.h5,725,151,694912
Case_0091,failed_terminal,excluded,,,,,
Case_0092,valid_hdf5,train,345,Case_0092.h5,725,151,674790
Case_0093,valid_hdf5,train,341,Case_0093.h5,725,151,690235
Case_0094,valid_hdf5,test,,Case_0094.h5,725,151,723619
Case_0095,valid_hdf5,train,643,Case_0095.h5,725,151,682189
Case_0096,valid_hdf5,train,749,Case_0096.h5,725,151,707319
Case_0097,valid_hdf5,train,781,Case_0097.h5,725,151,675535
Case_0098,valid_hdf5,train,517,Case_0098.h5,725,151,652810
Case_0099,valid_hdf5,train,268,Case_0099.h5,725,151,694882
Case_0100,valid_hdf5,train,304,Case_0100.h5,725,151,690346
Case_0101,valid_hdf5,train,747,Case_0101.h5,725,151,677388
Case_0102,valid_hdf5,train,507,Case_0102.h5,725,151,700126
Case_0103,valid_hdf5,train,190,Case_0103.h5,725,151,705544
Case_0104,valid_hdf5,train,417,Case_0104.h5,725,151,673712
Case_0105,valid_hdf5,train,714,Case_0105.h5,725,151,652503
Case_0106,valid_hdf5,train,791,Case_0106.h5,725,151,695060
Case_0107,valid_hdf5,train,355,Case_0107.h5,725,151,699642
Case_0108,valid_hdf5,train,398,Case_0108.h5,725,151,663513
Case_0109,valid_hdf5,train,217,Case_0109.h5,725,151,671639
Case_0110,valid_hdf5,train,603,Case_0110.h5,725,151,671293
Case_0111,valid_hdf5,train,394,Case_0111.h5,725,151,688131
Case_0112,valid_hdf5,test,,Case_0112.h5,725,151,684089
Case_0113,valid_hdf5,train,503,Case_0113.h5,725,151,706257
Case_0114,valid_hdf5,train,640,Case_0114.h5,725,151,690687
Case_0115,valid_hdf5,train,318,Case_0115.h5,725,151,693387
Case_0116,valid_hdf5,train,799,Case_0116.h5,725,151,674746
Case_0117,valid_hdf5,train,191,Case_0117.h5,725,151,656084
Case_0118,valid_hdf5,train,308,Case_0118.h5,725,151,698661
Case_0119,valid_hdf5,train,622,Case_0119.h5,725,151,637220
Case_0120,valid_hdf5,train,395,Case_0120.h5,725,151,695812
Case_0121,valid_hdf5,train,91,Case_0121.h5,725,151,645461
Case_0122,valid_hdf5,train,194,Case_0122.h5,725,151,686663
Case_0123,valid_hdf5,train,34,Case_0123.h5,725,151,686578
Case_0124,failed_terminal,excluded,,,,,
Case_0125,valid_hdf5,train,441,Case_0125.h5,725,151,655031
Case_0126,valid_hdf5,train,552,Case_0126.h5,725,151,670780
Case_0127,valid_hdf5,train,174,Case_0127.h5,725,151,723782
Case_0128,valid_hdf5,train,186,Case_0128.h5,725,151,681852
Case_0129,valid_hdf5,train,144,Case_0129.h5,725,151,672108
Case_0130,failed_terminal,excluded,,,,,
Case_0131,valid_hdf5,train,736,Case_0131.h5,725,151,712804
Case_0132,valid_hdf5,train,574,Case_0132.h5,725,151,657365
Case_0133,valid_hdf5,test,,Case_0133.h5,725,151,694737
Case_0134,valid_hdf5,train,363,Case_0134.h5,725,151,705283
Case_0135,valid_hdf5,train,573,Case_0135.h5,725,151,700426
Case_0136,valid_hdf5,train,145,Case_0136.h5,725,151,681666
Case_0137,valid_hdf5,train,376,Case_0137.h5,725,151,673264
Case_0138,valid_hdf5,train,425,Case_0138.h5,725,151,650611
Case_0139,valid_hdf5,train,525,Case_0139.h5,725,151,682549
Case_0140,valid_hdf5,train,328,Case_0140.h5,725,151,684844
Case_0141,valid_hdf5,train,397,Case_0141.h5,725,151,723484
Case_0142,valid_hdf5,train,52,Case_0142.h5,725,151,689543
Case_0143,valid_hdf5,train,134,Case_0143.h5,725,151,657835
Case_0144,valid_hdf5,train,139,Case_0144.h5,725,151,668937
Case_0145,valid_hdf5,train,646,Case_0145.h5,725,151,668764
Case_0146,valid_hdf5,train,793,Case_0146.h5,725,151,658677
Case_0147,failed_terminal,excluded,,,,,
Case_0148,valid_hdf5,train,497,Case_0148.h5,725,151,686340
Case_0149,valid_hdf5,train,82,Case_0149.h5,725,151,715784
Case_0150,valid_hdf5,train,201,Case_0150.h5,725,151,701634
Case_0151,valid_hdf5,train,661,Case_0151.h5,725,151,637262
Case_0152,valid_hdf5,train,15,Case_0152.h5,725,151,695505
Case_0153,valid_hdf5,train,18,Case_0153.h5,725,151,696442
Case_0154,valid_hdf5,test,,Case_0154.h5,725,151,692275
Case_0155,valid_hdf5,test,,Case_0155.h5,725,151,648291
Case_0156,valid_hdf5,train,365,Case_0156.h5,725,151,670409
Case_0157,valid_hdf5,train,368,Case_0157.h5,725,151,678342
Case_0158,valid_hdf5,train,243,Case_0158.h5,725,151,678065
Case_0159,failed_terminal,excluded,,,,,
Case_0160,valid_hdf5,train,223,Case_0160.h5,725,151,662686
Case_0161,valid_hdf5,train,219,Case_0161.h5,725,151,659726
Case_0162,valid_hdf5,train,639,Case_0162.h5,725,151,687703
Case_0163,valid_hdf5,valid,,Case_0163.h5,725,151,704974
Case_0164,valid_hdf5,train,465,Case_0164.h5,725,151,649297
Case_0165,failed_terminal,excluded,,,,,
Case_0166,valid_hdf5,train,754,Case_0166.h5,725,151,694371
Case_0167,valid_hdf5,train,275,Case_0167.h5,725,151,701858
Case_0168,valid_hdf5,train,612,Case_0168.h5,725,151,652833
Case_0169,valid_hdf5,train,155,Case_0169.h5,725,151,650175
Case_0170,valid_hdf5,train,759,Case_0170.h5,725,151,673244
Case_0171,valid_hdf5,train,212,Case_0171.h5,725,151,703929
Case_0172,valid_hdf5,train,594,Case_0172.h5,725,151,649690
Case_0173,valid_hdf5,train,707,Case_0173.h5,725,151,671466
Case_0174,valid_hdf5,train,691,Case_0174.h5,725,151,640697
Case_0175,valid_hdf5,train,475,Case_0175.h5,725,151,674620
Case_0176,valid_hdf5,train,569,Case_0176.h5,725,151,651772
Case_0177,valid_hdf5,train,482,Case_0177.h5,725,151,674613
Case_0178,valid_hdf5,train,196,Case_0178.h5,725,151,690856
Case_0179,valid_hdf5,train,96,Case_0179.h5,725,151,697022
Case_0180,valid_hdf5,train,14,Case_0180.h5,725,151,669090
Case_0181,valid_hdf5,valid,,Case_0181.h5,725,151,628609
Case_0182,valid_hdf5,train,695,Case_0182.h5,725,151,706897
Case_0183,valid_hdf5,train,278,Case_0183.h5,725,151,677079
Case_0184,failed_terminal,excluded,,,,,
Case_0185,valid_hdf5,valid,,Case_0185.h5,725,151,713047
Case_0186,valid_hdf5,test,,Case_0186.h5,725,151,695166
Case_0187,valid_hdf5,train,313,Case_0187.h5,725,151,713449
Case_0188,valid_hdf5,train,108,Case_0188.h5,725,151,682859
Case_0189,valid_hdf5,test,,Case_0189.h5,725,151,656526
Case_0190,valid_hdf5,train,605,Case_0190.h5,725,151,702579
Case_0191,valid_hdf5,test,,Case_0191.h5,725,151,715082
Case_0192,valid_hdf5,train,23,Case_0192.h5,725,151,684814
Case_0193,valid_hdf5,train,94,Case_0193.h5,725,151,664561
Case_0194,valid_hdf5,train,253,Case_0194.h5,725,151,669696
Case_0195,valid_hdf5,train,495,Case_0195.h5,725,151,712728
Case_0196,valid_hdf5,test,,Case_0196.h5,725,151,686352
Case_0197,valid_hdf5,test,,Case_0197.h5,725,151,650358
Case_0198,valid_hdf5,train,446,Case_0198.h5,725,151,717799
Case_0199,valid_hdf5,train,53,Case_0199.h5,725,151,683148
Case_0200,valid_hdf5,train,61,Case_0200.h5,725,151,683295
Case_0201,valid_hdf5,train,43,Case_0201.h5,725,151,670767
Case_0202,valid_hdf5,train,518,Case_0202.h5,725,151,682189
Case_0203,valid_hdf5,train,323,Case_0203.h5,725,151,702307
Case_0204,valid_hdf5,train,725,Case_0204.h5,725,151,699257
Case_0205,valid_hdf5,train,270,Case_0205.h5,725,151,676514
Case_0206,valid_hdf5,test,,Case_0206.h5,725,151,712103
Case_0207,valid_hdf5,train,113,Case_0207.h5,725,151,680589
Case_0208,valid_hdf5,test,,Case_0208.h5,725,151,700257
Case_0209,valid_hdf5,test,,Case_0209.h5,725,151,666924
Case_0210,valid_hdf5,test,,Case_0210.h5,725,151,654880
Case_0211,valid_hdf5,train,774,Case_0211.h5,725,151,681566
Case_0212,valid_hdf5,train,303,Case_0212.h5,725,151,678309
Case_0213,valid_hdf5,train,561,Case_0213.h5,725,151,712731
Case_0214,valid_hdf5,train,237,Case_0214.h5,725,151,685696
Case_0215,valid_hdf5,train,222,Case_0215.h5,725,151,704233
Case_0216,valid_hdf5,train,388,Case_0216.h5,725,151,685227
Case_0217,valid_hdf5,train,430,Case_0217.h5,725,151,649367
Case_0218,valid_hdf5,train,335,Case_0218.h5,725,151,698848
Case_0219,valid_hdf5,train,343,Case_0219.h5,725,151,670528
Case_0220,valid_hdf5,train,181,Case_0220.h5,725,151,725418
Case_0221,valid_hdf5,train,57,Case_0221.h5,725,151,701582
Case_0222,valid_hdf5,train,704,Case_0222.h5,725,151,649352
Case_0223,valid_hdf5,train,390,Case_0223.h5,725,151,670740
Case_0224,valid_hdf5,train,671,Case_0224.h5,725,151,668933
Case_0225,valid_hdf5,train,667,Case_0225.h5,725,151,652861
Case_0226,valid_hdf5,train,478,Case_0226.h5,725,151,709032
Case_0227,valid_hdf5,train,527,Case_0227.h5,725,151,670534
Case_0228,valid_hdf5,train,753,Case_0228.h5,725,151,673437
Case_0229,valid_hdf5,train,75,Case_0229.h5,725,151,660589
Case_0230,valid_hdf5,train,462,Case_0230.h5,725,151,695490
Case_0231,valid_hdf5,train,780,Case_0231.h5,725,151,697667
Case_0232,valid_hdf5,train,684,Case_0232.h5,725,151,660041
Case_0233,valid_hdf5,train,768,Case_0233.h5,725,151,651350
Case_0234,valid_hdf5,train,210,Case_0234.h5,725,151,691491
Case_0235,valid_hdf5,test,,Case_0235.h5,725,151,685492
Case_0236,valid_hdf5,train,794,Case_0236.h5,725,151,692247
Case_0237,valid_hdf5,train,66,Case_0237.h5,725,151,708267
Case_0238,valid_hdf5,train,550,Case_0238.h5,725,151,695015
Case_0239,valid_hdf5,test,,Case_0239.h5,725,151,684260
Case_0240,valid_hdf5,train,85,Case_0240.h5,725,151,671540
Case_0241,valid_hdf5,train,720,Case_0241.h5,725,151,709841
Case_0242,valid_hdf5,train,678,Case_0242.h5,725,151,683433
Case_0243,valid_hdf5,train,544,Case_0243.h5,725,151,714170
Case_0244,valid_hdf5,valid,,Case_0244.h5,725,151,653235
Case_0245,valid_hdf5,train,166,Case_0245.h5,725,151,707140
Case_0246,valid_hdf5,train,779,Case_0246.h5,725,151,673494
Case_0247,valid_hdf5,valid,,Case_0247.h5,725,151,685362
Case_0248,valid_hdf5,train,443,Case_0248.h5,725,151,680006
Case_0249,valid_hdf5,valid,,Case_0249.h5,725,151,646289
Case_0250,valid_hdf5,train,483,Case_0250.h5,725,151,645372
Case_0251,valid_hdf5,train,531,Case_0251.h5,725,151,658726
Case_0252,valid_hdf5,train,428,Case_0252.h5,725,151,665585
Case_0253,valid_hdf5,train,583,Case_0253.h5,725,151,642830
Case_0254,valid_hdf5,train,581,Case_0254.h5,725,151,698002
Case_0255,valid_hdf5,test,,Case_0255.h5,725,151,722122
Case_0256,valid_hdf5,train,521,Case_0256.h5,725,151,658143
Case_0257,valid_hdf5,train,103,Case_0257.h5,725,151,684605
Case_0258,valid_hdf5,train,795,Case_0258.h5,725,151,699325
Case_0259,valid_hdf5,train,29,Case_0259.h5,725,151,691802
Case_0260,valid_hdf5,train,658,Case_0260.h5,725,151,671566
Case_0261,valid_hdf5,train,551,Case_0261.h5,725,151,673593
Case_0262,valid_hdf5,train,502,Case_0262.h5,725,151,644984
Case_0263,valid_hdf5,train,492,Case_0263.h5,725,151,681166
Case_0264,valid_hdf5,valid,,Case_0264.h5,725,151,676991
Case_0265,valid_hdf5,train,627,Case_0265.h5,725,151,678999
Case_0266,valid_hdf5,train,152,Case_0266.h5,725,151,680262
Case_0267,valid_hdf5,train,242,Case_0267.h5,725,151,665898
Case_0268,valid_hdf5,train,294,Case_0268.h5,725,151,618690
Case_0269,valid_hdf5,train,272,Case_0269.h5,725,151,668114
Case_0270,valid_hdf5,test,,Case_0270.h5,725,151,678476
Case_0271,valid_hdf5,train,200,Case_0271.h5,725,151,679006
Case_0272,valid_hdf5,train,102,Case_0272.h5,725,151,700363
Case_0273,valid_hdf5,train,167,Case_0273.h5,725,151,677016
Case_0274,valid_hdf5,train,262,Case_0274.h5,725,151,666522
Case_0275,valid_hdf5,train,431,Case_0275.h5,725,151,674611
Case_0276,valid_hdf5,train,375,Case_0276.h5,725,151,669994
Case_0277,valid_hdf5,train,654,Case_0277.h5,725,151,699543
Case_0278,valid_hdf5,train,742,Case_0278.h5,725,151,697687
Case_0279,valid_hdf5,train,660,Case_0279.h5,725,151,707689
Case_0280,valid_hdf5,train,44,Case_0280.h5,725,151,662507
Case_0281,valid_hdf5,train,702,Case_0281.h5,725,151,672504
Case_0282,valid_hdf5,train,673,Case_0282.h5,725,151,642724
Case_0283,valid_hdf5,train,260,Case_0283.h5,725,151,652398
Case_0284,valid_hdf5,train,688,Case_0284.h5,725,151,687435
Case_0285,valid_hdf5,train,119,Case_0285.h5,725,151,684293
Case_0286,valid_hdf5,train,392,Case_0286.h5,725,151,699381
Case_0287,valid_hdf5,train,60,Case_0287.h5,725,151,665847
Case_0288,valid_hdf5,train,221,Case_0288.h5,725,151,685346
Case_0289,valid_hdf5,train,796,Case_0289.h5,725,151,682563
Case_0290,valid_hdf5,train,117,Case_0290.h5,725,151,720571
Case_0291,valid_hdf5,train,380,Case_0291.h5,725,151,690536
Case_0292,valid_hdf5,train,765,Case_0292.h5,725,151,700494
Case_0293,valid_hdf5,train,530,Case_0293.h5,725,151,685895
Case_0294,valid_hdf5,train,157,Case_0294.h5,725,151,689292
Case_0295,valid_hdf5,train,74,Case_0295.h5,725,151,679506
Case_0296,valid_hdf5,train,391,Case_0296.h5,725,151,708193
Case_0297,valid_hdf5,test,,Case_0297.h5,725,151,698356
Case_0298,valid_hdf5,train,21,Case_0298.h5,725,151,658044
Case_0299,valid_hdf5,train,406,Case_0299.h5,725,151,668879
Case_0300,valid_hdf5,train,469,Case_0300.h5,725,151,693169
Case_0301,valid_hdf5,train,33,Case_0301.h5,725,151,699885
Case_0302,valid_hdf5,train,179,Case_0302.h5,725,151,686587
Case_0303,valid_hdf5,train,269,Case_0303.h5,725,151,697565
Case_0304,valid_hdf5,train,718,Case_0304.h5,725,151,677631
Case_0305,valid_hdf5,train,284,Case_0305.h5,725,151,659703
Case_0306,valid_hdf5,test,,Case_0306.h5,725,151,652889
Case_0307,valid_hdf5,valid,,Case_0307.h5,725,151,668100
Case_0308,valid_hdf5,train,732,Case_0308.h5,725,151,696175
Case_0309,valid_hdf5,train,99,Case_0309.h5,725,151,673158
Case_0310,valid_hdf5,train,97,Case_0310.h5,725,151,705630
Case_0311,valid_hdf5,train,463,Case_0311.h5,725,151,695611
Case_0312,valid_hdf5,train,156,Case_0312.h5,725,151,709412
Case_0313,valid_hdf5,train,601,Case_0313.h5,725,151,690704
Case_0314,valid_hdf5,train,399,Case_0314.h5,725,151,698869
Case_0315,valid_hdf5,train,424,Case_0315.h5,725,151,652498
Case_0316,valid_hdf5,valid,,Case_0316.h5,725,151,720943
Case_0317,valid_hdf5,train,402,Case_0317.h5,725,151,668012
Case_0318,valid_hdf5,train,273,Case_0318.h5,725,151,653613
Case_0319,valid_hdf5,valid,,Case_0319.h5,725,151,706862
Case_0320,valid_hdf5,train,184,Case_0320.h5,725,151,705076
Case_0321,valid_hdf5,train,153,Case_0321.h5,725,151,706801
Case_0322,valid_hdf5,train,584,Case_0322.h5,725,151,669270
Case_0323,valid_hdf5,train,361,Case_0323.h5,725,151,649245
Case_0324,valid_hdf5,valid,,Case_0324.h5,725,151,669970
Case_0325,valid_hdf5,train,197,Case_0325.h5,725,151,637185
Case_0326,valid_hdf5,train,64,Case_0326.h5,725,151,689660
Case_0327,valid_hdf5,train,560,Case_0327.h5,725,151,693755
Case_0328,valid_hdf5,test,,Case_0328.h5,725,151,701513
Case_0329,valid_hdf5,train,457,Case_0329.h5,725,151,696441
Case_0330,valid_hdf5,train,668,Case_0330.h5,725,151,665432
Case_0331,valid_hdf5,train,675,Case_0331.h5,725,151,677091
Case_0332,valid_hdf5,train,198,Case_0332.h5,725,151,685810
Case_0333,valid_hdf5,valid,,Case_0333.h5,725,151,686217
Case_0334,valid_hdf5,train,159,Case_0334.h5,725,151,717112
Case_0335,valid_hdf5,valid,,Case_0335.h5,725,151,655377
Case_0336,valid_hdf5,train,295,Case_0336.h5,725,151,697106
Case_0337,valid_hdf5,train,104,Case_0337.h5,725,151,632892
Case_0338,valid_hdf5,train,2,Case_0338.h5,725,151,710807
Case_0339,failed_terminal,excluded,,,,,
Case_0340,failed_terminal,excluded,,,,,
Case_0341,valid_hdf5,train,589,Case_0341.h5,725,151,653493
Case_0342,valid_hdf5,train,682,Case_0342.h5,725,151,682369
Case_0343,valid_hdf5,valid,,Case_0343.h5,725,151,682099
Case_0344,valid_hdf5,valid,,Case_0344.h5,725,151,700346
Case_0345,valid_hdf5,train,213,Case_0345.h5,725,151,685692
Case_0346,valid_hdf5,train,25,Case_0346.h5,725,151,635518
Case_0347,valid_hdf5,train,305,Case_0347.h5,725,151,633302
Case_0348,valid_hdf5,train,534,Case_0348.h5,725,151,675745
Case_0349,valid_hdf5,train,246,Case_0349.h5,725,151,671696
Case_0350,valid_hdf5,train,250,Case_0350.h5,725,151,703233
Case_0351,valid_hdf5,train,377,Case_0351.h5,725,151,674447
Case_0352,valid_hdf5,train,333,Case_0352.h5,725,151,681837
Case_0353,valid_hdf5,train,255,Case_0353.h5,725,151,680388
Case_0354,valid_hdf5,train,751,Case_0354.h5,725,151,684923
Case_0355,valid_hdf5,train,208,Case_0355.h5,725,151,663120
Case_0356,valid_hdf5,train,548,Case_0356.h5,725,151,690933
Case_0357,valid_hdf5,train,504,Case_0357.h5,725,151,653077
Case_0358,valid_hdf5,train,756,Case_0358.h5,725,151,669511
Case_0359,valid_hdf5,train,173,Case_0359.h5,725,151,647153
Case_0360,valid_hdf5,train,12,Case_0360.h5,725,151,694736
Case_0361,valid_hdf5,train,389,Case_0361.h5,725,151,680108
Case_0362,valid_hdf5,train,744,Case_0362.h5,725,151,692910
Case_0363,valid_hdf5,valid,,Case_0363.h5,725,151,708124
Case_0364,valid_hdf5,train,135,Case_0364.h5,725,151,680824
Case_0365,valid_hdf5,test,,Case_0365.h5,725,151,696504
Case_0366,valid_hdf5,train,236,Case_0366.h5,725,151,708570
Case_0367,valid_hdf5,train,410,Case_0367.h5,725,151,702478
Case_0368,valid_hdf5,valid,,Case_0368.h5,725,151,686064
Case_0369,valid_hdf5,train,325,Case_0369.h5,725,151,655890
Case_0370,failed_terminal,excluded,,,,,
Case_0371,valid_hdf5,train,35,Case_0371.h5,725,151,667920
Case_0372,valid_hdf5,test,,Case_0372.h5,725,151,690585
Case_0373,valid_hdf5,train,513,Case_0373.h5,725,151,679223
Case_0374,valid_hdf5,train,705,Case_0374.h5,725,151,673903
Case_0375,valid_hdf5,train,65,Case_0375.h5,725,151,686446
Case_0376,failed_terminal,excluded,,,,,
Case_0377,valid_hdf5,train,31,Case_0377.h5,725,151,695985
Case_0378,valid_hdf5,train,358,Case_0378.h5,725,151,680814
Case_0379,valid_hdf5,train,746,Case_0379.h5,725,151,688887
Case_0380,valid_hdf5,train,258,Case_0380.h5,725,151,675184
Case_0381,valid_hdf5,train,154,Case_0381.h5,725,151,704281
Case_0382,valid_hdf5,train,727,Case_0382.h5,725,151,649514
Case_0383,valid_hdf5,train,585,Case_0383.h5,725,151,696240
Case_0384,valid_hdf5,train,78,Case_0384.h5,725,151,716757
Case_0385,valid_hdf5,train,708,Case_0385.h5,725,151,703233
Case_0386,valid_hdf5,train,81,Case_0386.h5,725,151,685562
Case_0387,valid_hdf5,test,,Case_0387.h5,725,151,683524
Case_0388,valid_hdf5,train,331,Case_0388.h5,725,151,709703
Case_0389,valid_hdf5,train,340,Case_0389.h5,725,151,667892
Case_0390,valid_hdf5,train,407,Case_0390.h5,725,151,663009
Case_0391,valid_hdf5,train,706,Case_0391.h5,725,151,680372
Case_0392,valid_hdf5,valid,,Case_0392.h5,725,151,680626
Case_0393,valid_hdf5,train,150,Case_0393.h5,725,151,660178
Case_0394,failed_terminal,excluded,,,,,
Case_0395,valid_hdf5,train,595,Case_0395.h5,725,151,667283
Case_0396,valid_hdf5,train,227,Case_0396.h5,725,151,680376
Case_0397,valid_hdf5,test,,Case_0397.h5,725,151,680102
Case_0398,valid_hdf5,test,,Case_0398.h5,725,151,634508
Case_0399,valid_hdf5,train,50,Case_0399.h5,725,151,702716
Case_0400,valid_hdf5,train,735,Case_0400.h5,725,151,647730
Case_0401,valid_hdf5,train,689,Case_0401.h5,725,151,690018
Case_0402,valid_hdf5,train,748,Case_0402.h5,725,151,690675
Case_0403,valid_hdf5,train,631,Case_0403.h5,725,151,682127
Case_0404,valid_hdf5,train,114,Case_0404.h5,725,151,660738
Case_0405,valid_hdf5,valid,,Case_0405.h5,725,151,647671
Case_0406,valid_hdf5,train,27,Case_0406.h5,725,151,652102
Case_0407,valid_hdf5,train,632,Case_0407.h5,725,151,690637
Case_0408,valid_hdf5,train,298,Case_0408.h5,725,151,668014
Case_0409,valid_hdf5,train,133,Case_0409.h5,725,151,655334
Case_0410,valid_hdf5,valid,,Case_0410.h5,725,151,686601
Case_0411,valid_hdf5,test,,Case_0411.h5,725,151,714082
Case_0412,failed_terminal,excluded,,,,,
Case_0413,valid_hdf5,train,472,Case_0413.h5,725,151,662207
Case_0414,valid_hdf5,train,337,Case_0414.h5,725,151,629920
Case_0415,valid_hdf5,train,192,Case_0415.h5,725,151,707880
Case_0416,valid_hdf5,train,276,Case_0416.h5,725,151,686665
Case_0417,valid_hdf5,train,326,Case_0417.h5,725,151,660828
Case_0418,valid_hdf5,train,147,Case_0418.h5,725,151,640791
Case_0419,valid_hdf5,train,664,Case_0419.h5,725,151,634005
Case_0420,valid_hdf5,train,199,Case_0420.h5,725,151,686109
Case_0421,valid_hdf5,train,310,Case_0421.h5,725,151,701409
Case_0422,valid_hdf5,train,649,Case_0422.h5,725,151,662655
Case_0423,valid_hdf5,train,347,Case_0423.h5,725,151,702082
Case_0424,valid_hdf5,train,674,Case_0424.h5,725,151,660183
Case_0425,valid_hdf5,test,,Case_0425.h5,725,151,683718
Case_0426,failed_terminal,excluded,,,,,
Case_0427,valid_hdf5,train,505,Case_0427.h5,725,151,641255
Case_0428,valid_hdf5,train,442,Case_0428.h5,725,151,650525
Case_0429,valid_hdf5,train,84,Case_0429.h5,725,151,636765
Case_0430,valid_hdf5,train,346,Case_0430.h5,725,151,656283
Case_0431,valid_hdf5,train,519,Case_0431.h5,725,151,694354
Case_0432,valid_hdf5,train,24,Case_0432.h5,725,151,703729
Case_0433,failed_terminal,excluded,,,,,
Case_0434,valid_hdf5,train,316,Case_0434.h5,725,151,703100
Case_0435,valid_hdf5,test,,Case_0435.h5,725,151,665676
Case_0436,valid_hdf5,train,511,Case_0436.h5,725,151,662712
Case_0437,valid_hdf5,train,216,Case_0437.h5,725,151,609790
Case_0438,valid_hdf5,train,142,Case_0438.h5,725,151,698920
Case_0439,valid_hdf5,train,220,Case_0439.h5,725,151,678227
Case_0440,failed_terminal,excluded,,,,,
Case_0441,failed_terminal,excluded,,,,,
Case_0442,valid_hdf5,train,100,Case_0442.h5,725,151,672988
Case_0443,valid_hdf5,test,,Case_0443.h5,725,151,691822
Case_0444,valid_hdf5,test,,Case_0444.h5,725,151,684002
Case_0445,valid_hdf5,valid,,Case_0445.h5,725,151,697788
Case_0446,valid_hdf5,train,70,Case_0446.h5,725,151,636005
Case_0447,valid_hdf5,train,769,Case_0447.h5,725,151,664488
Case_0448,failed_terminal,excluded,,,,,
Case_0449,valid_hdf5,test,,Case_0449.h5,725,151,703524
Case_0450,valid_hdf5,train,291,Case_0450.h5,725,151,676456
Case_0451,valid_hdf5,train,784,Case_0451.h5,725,151,689195
Case_0452,valid_hdf5,train,565,Case_0452.h5,725,151,667276
Case_0453,valid_hdf5,train,264,Case_0453.h5,725,151,674944
Case_0454,valid_hdf5,train,247,Case_0454.h5,725,151,706206
Case_0455,valid_hdf5,train,38,Case_0455.h5,725,151,670018
Case_0456,valid_hdf5,train,372,Case_0456.h5,725,151,696084
Case_0457,valid_hdf5,train,651,Case_0457.h5,725,151,676810
Case_0458,valid_hdf5,train,320,Case_0458.h5,725,151,704050
Case_0459,valid_hdf5,train,364,Case_0459.h5,725,151,720176
Case_0460,valid_hdf5,train,514,Case_0460.h5,725,151,714863
Case_0461,valid_hdf5,train,350,Case_0461.h5,725,151,711000
Case_0462,valid_hdf5,test,,Case_0462.h5,725,151,668468
Case_0463,valid_hdf5,train,37,Case_0463.h5,725,151,706363
Case_0464,valid_hdf5,train,613,Case_0464.h5,725,151,660303
Case_0465,valid_hdf5,train,322,Case_0465.h5,725,151,670698
Case_0466,valid_hdf5,train,271,Case_0466.h5,725,151,714471
Case_0467,valid_hdf5,train,555,Case_0467.h5,725,151,706286
Case_0468,valid_hdf5,train,249,Case_0468.h5,725,151,694946
Case_0469,valid_hdf5,train,92,Case_0469.h5,725,151,659489
Case_0470,valid_hdf5,train,344,Case_0470.h5,725,151,665008
Case_0471,valid_hdf5,train,373,Case_0471.h5,725,151,689003
Case_0472,valid_hdf5,train,490,Case_0472.h5,725,151,658791
Case_0473,valid_hdf5,test,,Case_0473.h5,725,151,700110
Case_0474,valid_hdf5,valid,,Case_0474.h5,725,151,663576
Case_0475,valid_hdf5,train,28,Case_0475.h5,725,151,678687
Case_0476,valid_hdf5,valid,,Case_0476.h5,725,151,722820
Case_0477,valid_hdf5,train,83,Case_0477.h5,725,151,688245
Case_0478,valid_hdf5,train,767,Case_0478.h5,725,151,687547
Case_0479,valid_hdf5,train,10,Case_0479.h5,725,151,669105
Case_0480,valid_hdf5,train,297,Case_0480.h5,725,151,692927
Case_0481,failed_terminal,excluded,,,,,
Case_0482,valid_hdf5,train,553,Case_0482.h5,725,151,694327
Case_0483,valid_hdf5,train,293,Case_0483.h5,725,151,672754
Case_0484,valid_hdf5,train,711,Case_0484.h5,725,151,641094
Case_0485,valid_hdf5,train,470,Case_0485.h5,725,151,618387
Case_0486,valid_hdf5,train,188,Case_0486.h5,725,151,703126
Case_0487,valid_hdf5,valid,,Case_0487.h5,725,151,687995
Case_0488,valid_hdf5,train,423,Case_0488.h5,725,151,724971
Case_0489,valid_hdf5,train,662,Case_0489.h5,725,151,693684
Case_0490,valid_hdf5,train,738,Case_0490.h5,725,151,672299
Case_0491,valid_hdf5,test,,Case_0491.h5,725,151,701905
Case_0492,valid_hdf5,valid,,Case_0492.h5,725,151,714372
Case_0493,valid_hdf5,train,690,Case_0493.h5,725,151,688662
Case_0494,valid_hdf5,train,90,Case_0494.h5,725,151,669627
Case_0495,valid_hdf5,train,8,Case_0495.h5,725,151,686485
Case_0496,valid_hdf5,train,336,Case_0496.h5,725,151,715181
Case_0497,failed_terminal,excluded,,,,,
Case_0498,valid_hdf5,test,,Case_0498.h5,725,151,688937
Case_0499,valid_hdf5,train,510,Case_0499.h5,725,151,675752
Case_0500,valid_hdf5,train,629,Case_0500.h5,725,151,654126
Case_0501,valid_hdf5,test,,Case_0501.h5,725,151,706386
Case_0502,valid_hdf5,train,282,Case_0502.h5,725,151,684142
Case_0503,valid_hdf5,train,309,Case_0503.h5,725,151,703906
Case_0504,valid_hdf5,valid,,Case_0504.h5,725,151,688240
Case_0505,valid_hdf5,train,522,Case_0505.h5,725,151,663537
Case_0506,valid_hdf5,train,101,Case_0506.h5,725,151,680112
Case_0507,valid_hdf5,train,571,Case_0507.h5,725,151,690160
Case_0508,valid_hdf5,train,148,Case_0508.h5,725,151,676944
Case_0509,valid_hdf5,train,453,Case_0509.h5,725,151,705115
Case_0510,valid_hdf5,train,163,Case_0510.h5,725,151,665118
Case_0511,valid_hdf5,test,,Case_0511.h5,725,151,674299
Case_0512,valid_hdf5,valid,,Case_0512.h5,725,151,659473
Case_0513,valid_hdf5,train,479,Case_0513.h5,725,151,686571
Case_0514,valid_hdf5,train,161,Case_0514.h5,725,151,685820
Case_0515,valid_hdf5,train,230,Case_0515.h5,725,151,692813
Case_0516,valid_hdf5,test,,Case_0516.h5,725,151,687704
Case_0517,failed_terminal,excluded,,,,,
Case_0518,valid_hdf5,train,244,Case_0518.h5,725,151,649310
Case_0519,valid_hdf5,train,577,Case_0519.h5,725,151,707341
Case_0520,valid_hdf5,train,466,Case_0520.h5,725,151,639898
Case_0521,valid_hdf5,train,348,Case_0521.h5,725,151,709621
Case_0522,valid_hdf5,train,588,Case_0522.h5,725,151,690110
Case_0523,valid_hdf5,train,285,Case_0523.h5,725,151,670630
Case_0524,valid_hdf5,train,306,Case_0524.h5,725,151,688636
Case_0525,valid_hdf5,valid,,Case_0525.h5,725,151,642070
Case_0526,valid_hdf5,valid,,Case_0526.h5,725,151,710749
Case_0527,valid_hdf5,train,644,Case_0527.h5,725,151,681842
Case_0528,valid_hdf5,train,330,Case_0528.h5,725,151,686156
Case_0529,valid_hdf5,train,120,Case_0529.h5,725,151,651313
Case_0530,valid_hdf5,train,296,Case_0530.h5,725,151,688617
Case_0531,valid_hdf5,train,69,Case_0531.h5,725,151,697755
Case_0532,valid_hdf5,train,332,Case_0532.h5,725,151,697008
Case_0533,valid_hdf5,train,665,Case_0533.h5,725,151,670842
Case_0534,valid_hdf5,train,606,Case_0534.h5,725,151,701114
Case_0535,valid_hdf5,train,59,Case_0535.h5,725,151,665046
Case_0536,valid_hdf5,train,452,Case_0536.h5,725,151,683009
Case_0537,valid_hdf5,train,115,Case_0537.h5,725,151,660084
Case_0538,valid_hdf5,test,,Case_0538.h5,725,151,686739
Case_0539,valid_hdf5,train,778,Case_0539.h5,725,151,688176
Case_0540,valid_hdf5,train,413,Case_0540.h5,725,151,682981
Case_0541,valid_hdf5,train,604,Case_0541.h5,725,151,682033
Case_0542,valid_hdf5,train,448,Case_0542.h5,725,151,698060
Case_0543,valid_hdf5,train,645,Case_0543.h5,725,151,654420
Case_0544,valid_hdf5,train,93,Case_0544.h5,725,151,713216
Case_0545,valid_hdf5,train,267,Case_0545.h5,725,151,696434
Case_0546,valid_hdf5,test,,Case_0546.h5,725,151,696587
Case_0547,valid_hdf5,train,235,Case_0547.h5,725,151,684007
Case_0548,valid_hdf5,train,532,Case_0548.h5,725,151,706498
Case_0549,valid_hdf5,valid,,Case_0549.h5,725,151,691899
Case_0550,valid_hdf5,train,107,Case_0550.h5,725,151,670951
Case_0551,valid_hdf5,train,554,Case_0551.h5,725,151,675352
Case_0552,valid_hdf5,train,307,Case_0552.h5,725,151,663332
Case_0553,valid_hdf5,valid,,Case_0553.h5,725,151,621681
Case_0554,valid_hdf5,train,1,Case_0554.h5,725,151,634715
Case_0555,valid_hdf5,test,,Case_0555.h5,725,151,628062
Case_0556,valid_hdf5,valid,,Case_0556.h5,725,151,636596
Case_0557,valid_hdf5,train,433,Case_0557.h5,725,151,715946
Case_0558,valid_hdf5,train,286,Case_0558.h5,725,151,682959
Case_0559,valid_hdf5,train,240,Case_0559.h5,725,151,629352
Case_0560,valid_hdf5,train,109,Case_0560.h5,725,151,640951
Case_0561,valid_hdf5,test,,Case_0561.h5,725,151,684692
Case_0562,valid_hdf5,train,567,Case_0562.h5,725,151,697446
Case_0563,valid_hdf5,train,628,Case_0563.h5,725,151,710003
Case_0564,valid_hdf5,train,26,Case_0564.h5,725,151,669529
Case_0565,valid_hdf5,train,592,Case_0565.h5,725,151,630654
Case_0566,valid_hdf5,train,46,Case_0566.h5,725,151,704596
Case_0567,valid_hdf5,train,575,Case_0567.h5,725,151,653957
Case_0568,valid_hdf5,train,694,Case_0568.h5,725,151,709072
Case_0569,valid_hdf5,test,,Case_0569.h5,725,151,655377
Case_0570,valid_hdf5,train,121,Case_0570.h5,725,151,685969
Case_0571,valid_hdf5,train,737,Case_0571.h5,725,151,655225
Case_0572,valid_hdf5,train,415,Case_0572.h5,725,151,692435
Case_0573,valid_hdf5,train,655,Case_0573.h5,725,151,647900
Case_0574,valid_hdf5,train,593,Case_0574.h5,725,151,694176
Case_0575,valid_hdf5,train,486,Case_0575.h5,725,151,716870
Case_0576,valid_hdf5,train,207,Case_0576.h5,725,151,673439
Case_0577,valid_hdf5,train,459,Case_0577.h5,725,151,703421
Case_0578,valid_hdf5,train,403,Case_0578.h5,725,151,645240
Case_0579,valid_hdf5,test,,Case_0579.h5,725,151,697651
Case_0580,valid_hdf5,train,787,Case_0580.h5,725,151,684284
Case_0581,valid_hdf5,train,63,Case_0581.h5,725,151,646796
Case_0582,valid_hdf5,valid,,Case_0582.h5,725,151,714709
Case_0583,valid_hdf5,train,214,Case_0583.h5,725,151,673757
Case_0584,valid_hdf5,train,570,Case_0584.h5,725,151,688557
Case_0585,valid_hdf5,train,489,Case_0585.h5,725,151,648230
Case_0586,valid_hdf5,train,98,Case_0586.h5,725,151,723749
Case_0587,valid_hdf5,train,733,Case_0587.h5,725,151,659635
Case_0588,valid_hdf5,train,626,Case_0588.h5,725,151,711091
Case_0589,valid_hdf5,train,545,Case_0589.h5,725,151,655531
Case_0590,valid_hdf5,train,22,Case_0590.h5,725,151,689184
Case_0591,valid_hdf5,train,467,Case_0591.h5,725,151,670029
Case_0592,valid_hdf5,train,685,Case_0592.h5,725,151,648503
Case_0593,valid_hdf5,train,283,Case_0593.h5,725,151,699206
Case_0594,valid_hdf5,train,158,Case_0594.h5,725,151,667242
Case_0595,valid_hdf5,test,,Case_0595.h5,725,151,646073
Case_0596,valid_hdf5,train,775,Case_0596.h5,725,151,699949
Case_0597,valid_hdf5,train,357,Case_0597.h5,725,151,647407
Case_0598,valid_hdf5,train,418,Case_0598.h5,725,151,700704
Case_0599,valid_hdf5,train,317,Case_0599.h5,725,151,671733
Case_0600,valid_hdf5,train,434,Case_0600.h5,725,151,703070
Case_0601,valid_hdf5,test,,Case_0601.h5,725,151,665642
Case_0602,valid_hdf5,train,670,Case_0602.h5,725,151,677429
Case_0603,valid_hdf5,test,,Case_0603.h5,725,151,709070
Case_0604,valid_hdf5,valid,,Case_0604.h5,725,151,686062
Case_0605,valid_hdf5,train,440,Case_0605.h5,725,151,650578
Case_0606,valid_hdf5,train,524,Case_0606.h5,725,151,682874
Case_0607,valid_hdf5,valid,,Case_0607.h5,725,151,621227
Case_0608,valid_hdf5,train,41,Case_0608.h5,725,151,701271
Case_0609,valid_hdf5,train,412,Case_0609.h5,725,151,674364
Case_0610,valid_hdf5,train,110,Case_0610.h5,725,151,696377
Case_0611,valid_hdf5,valid,,Case_0611.h5,725,151,692057
Case_0612,valid_hdf5,train,523,Case_0612.h5,725,151,610639
Case_0613,valid_hdf5,train,726,Case_0613.h5,725,151,658558
Case_0614,failed_terminal,excluded,,,,,
Case_0615,valid_hdf5,train,438,Case_0615.h5,725,151,658183
Case_0616,valid_hdf5,train,460,Case_0616.h5,725,151,672449
Case_0617,valid_hdf5,train,189,Case_0617.h5,725,151,682299
Case_0618,failed_terminal,excluded,,,,,
Case_0619,valid_hdf5,train,55,Case_0619.h5,725,151,687899
Case_0620,valid_hdf5,train,349,Case_0620.h5,725,151,683490
Case_0621,valid_hdf5,train,650,Case_0621.h5,725,151,701488
Case_0622,valid_hdf5,train,652,Case_0622.h5,725,151,697446
Case_0623,valid_hdf5,valid,,Case_0623.h5,725,151,686294
Case_0624,valid_hdf5,train,67,Case_0624.h5,725,151,667942
Case_0625,valid_hdf5,train,140,Case_0625.h5,725,151,685351
Case_0626,valid_hdf5,train,546,Case_0626.h5,725,151,706853
Case_0627,valid_hdf5,train,766,Case_0627.h5,725,151,665983
Case_0628,valid_hdf5,train,785,Case_0628.h5,725,151,654807
Case_0629,failed_terminal,excluded,,,,,
Case_0630,valid_hdf5,train,409,Case_0630.h5,725,151,705451
Case_0631,valid_hdf5,valid,,Case_0631.h5,725,151,674501
Case_0632,valid_hdf5,test,,Case_0632.h5,725,151,707443
Case_0633,valid_hdf5,train,277,Case_0633.h5,725,151,702501
Case_0634,valid_hdf5,valid,,Case_0634.h5,725,151,693933
Case_0635,valid_hdf5,train,634,Case_0635.h5,725,151,660543
Case_0636,valid_hdf5,test,,Case_0636.h5,725,151,676947
Case_0637,valid_hdf5,train,265,Case_0637.h5,725,151,635201
Case_0638,valid_hdf5,train,590,Case_0638.h5,725,151,656143
Case_0639,valid_hdf5,train,422,Case_0639.h5,725,151,680516
Case_0640,failed_terminal,excluded,,,,,
Case_0641,valid_hdf5,train,40,Case_0641.h5,725,151,646997
Case_0642,valid_hdf5,train,777,Case_0642.h5,725,151,668928
Case_0643,valid_hdf5,train,429,Case_0643.h5,725,151,669632
Case_0644,valid_hdf5,train,743,Case_0644.h5,725,151,692502
Case_0645,valid_hdf5,train,127,Case_0645.h5,725,151,695389
Case_0646,valid_hdf5,train,16,Case_0646.h5,725,151,623962
Case_0647,valid_hdf5,train,566,Case_0647.h5,725,151,687297
Case_0648,valid_hdf5,train,279,Case_0648.h5,725,151,666382
Case_0649,valid_hdf5,train,697,Case_0649.h5,725,151,697630
Case_0650,valid_hdf5,train,229,Case_0650.h5,725,151,697181
Case_0651,valid_hdf5,train,352,Case_0651.h5,725,151,695338
Case_0652,valid_hdf5,valid,,Case_0652.h5,725,151,657175
Case_0653,valid_hdf5,train,129,Case_0653.h5,725,151,626747
Case_0654,valid_hdf5,train,381,Case_0654.h5,725,151,690359
Case_0655,valid_hdf5,test,,Case_0655.h5,725,151,662930
Case_0656,valid_hdf5,train,203,Case_0656.h5,725,151,662413
Case_0657,valid_hdf5,train,427,Case_0657.h5,725,151,695021
Case_0658,valid_hdf5,test,,Case_0658.h5,725,151,662513
Case_0659,valid_hdf5,train,729,Case_0659.h5,725,151,652421
Case_0660,valid_hdf5,test,,Case_0660.h5,725,151,684891
Case_0661,valid_hdf5,train,302,Case_0661.h5,725,151,711841
Case_0662,valid_hdf5,test,,Case_0662.h5,725,151,680130
Case_0663,valid_hdf5,train,334,Case_0663.h5,725,151,718862
Case_0664,valid_hdf5,train,414,Case_0664.h5,725,151,657496
Case_0665,valid_hdf5,train,300,Case_0665.h5,725,151,646183
Case_0666,valid_hdf5,train,602,Case_0666.h5,725,151,717489
Case_0667,valid_hdf5,train,353,Case_0667.h5,725,151,667836
Case_0668,valid_hdf5,train,638,Case_0668.h5,725,151,698900
Case_0669,valid_hdf5,train,730,Case_0669.h5,725,151,695571
Case_0670,valid_hdf5,valid,,Case_0670.h5,725,151,614868
Case_0671,valid_hdf5,valid,,Case_0671.h5,725,151,653377
Case_0672,valid_hdf5,train,539,Case_0672.h5,725,151,637185
Case_0673,valid_hdf5,train,455,Case_0673.h5,725,151,681265
Case_0674,valid_hdf5,train,254,Case_0674.h5,725,151,666078
Case_0675,valid_hdf5,train,387,Case_0675.h5,725,151,683638
Case_0676,valid_hdf5,train,710,Case_0676.h5,725,151,657039
Case_0677,valid_hdf5,train,369,Case_0677.h5,725,151,706356
Case_0678,valid_hdf5,train,356,Case_0678.h5,725,151,678106
Case_0679,valid_hdf5,train,339,Case_0679.h5,725,151,643432
Case_0680,valid_hdf5,train,800,Case_0680.h5,725,151,669279
Case_0681,valid_hdf5,train,687,Case_0681.h5,725,151,674056
Case_0682,valid_hdf5,train,617,Case_0682.h5,725,151,665946
Case_0683,valid_hdf5,test,,Case_0683.h5,725,151,670033
Case_0684,valid_hdf5,train,663,Case_0684.h5,725,151,733391
Case_0685,valid_hdf5,train,259,Case_0685.h5,725,151,691581
Case_0686,valid_hdf5,train,464,Case_0686.h5,725,151,629336
Case_0687,valid_hdf5,train,508,Case_0687.h5,725,151,670213
Case_0688,valid_hdf5,valid,,Case_0688.h5,725,151,702513
Case_0689,valid_hdf5,train,699,Case_0689.h5,725,151,650913
Case_0690,valid_hdf5,train,292,Case_0690.h5,725,151,644340
Case_0691,valid_hdf5,train,772,Case_0691.h5,725,151,656499
Case_0692,valid_hdf5,train,458,Case_0692.h5,725,151,689581
Case_0693,valid_hdf5,train,488,Case_0693.h5,725,151,658356
Case_0694,valid_hdf5,train,177,Case_0694.h5,725,151,684295
Case_0695,valid_hdf5,train,324,Case_0695.h5,725,151,689564
Case_0696,valid_hdf5,valid,,Case_0696.h5,725,151,662559
Case_0697,valid_hdf5,train,666,Case_0697.h5,725,151,696239
Case_0698,valid_hdf5,train,468,Case_0698.h5,725,151,693929
Case_0699,valid_hdf5,train,354,Case_0699.h5,725,151,708085
Case_0700,valid_hdf5,train,515,Case_0700.h5,725,151,668913
Case_0701,valid_hdf5,train,572,Case_0701.h5,725,151,688062
Case_0702,valid_hdf5,train,178,Case_0702.h5,725,151,702745
Case_0703,valid_hdf5,train,721,Case_0703.h5,725,151,689020
Case_0704,valid_hdf5,train,500,Case_0704.h5,725,151,626884
Case_0705,valid_hdf5,train,481,Case_0705.h5,725,151,693312
Case_0706,valid_hdf5,train,281,Case_0706.h5,725,151,690035
Case_0707,valid_hdf5,train,141,Case_0707.h5,725,151,677167
Case_0708,valid_hdf5,train,520,Case_0708.h5,725,151,696642
Case_0709,valid_hdf5,train,239,Case_0709.h5,725,151,698629
Case_0710,valid_hdf5,train,9,Case_0710.h5,725,151,640092
Case_0711,valid_hdf5,train,529,Case_0711.h5,725,151,657163
Case_0712,failed_terminal,excluded,,,,,
Case_0713,valid_hdf5,train,703,Case_0713.h5,725,151,684361
Case_0714,valid_hdf5,train,558,Case_0714.h5,725,151,674536
Case_0715,valid_hdf5,train,480,Case_0715.h5,725,151,700343
Case_0716,valid_hdf5,train,411,Case_0716.h5,725,151,687386
Case_0717,valid_hdf5,train,494,Case_0717.h5,725,151,679596
Case_0718,valid_hdf5,train,185,Case_0718.h5,725,151,689051
Case_0719,valid_hdf5,train,790,Case_0719.h5,725,151,694906
Case_0720,valid_hdf5,valid,,Case_0720.h5,725,151,670583
Case_0721,valid_hdf5,valid,,Case_0721.h5,725,151,692429
Case_0722,valid_hdf5,train,123,Case_0722.h5,725,151,687443
Case_0723,valid_hdf5,train,636,Case_0723.h5,725,151,632869
Case_0724,valid_hdf5,test,,Case_0724.h5,725,151,700540
Case_0725,valid_hdf5,train,621,Case_0725.h5,725,151,643949
Case_0726,failed_terminal,excluded,,,,,
Case_0727,valid_hdf5,train,700,Case_0727.h5,725,151,677202
Case_0728,valid_hdf5,train,533,Case_0728.h5,725,151,692137
Case_0729,valid_hdf5,train,683,Case_0729.h5,725,151,697468
Case_0730,valid_hdf5,train,138,Case_0730.h5,725,151,714785
Case_0731,valid_hdf5,test,,Case_0731.h5,725,151,676146
Case_0732,valid_hdf5,train,686,Case_0732.h5,725,151,708847
Case_0733,valid_hdf5,train,366,Case_0733.h5,725,151,640356
Case_0734,valid_hdf5,train,562,Case_0734.h5,725,151,678265
Case_0735,valid_hdf5,train,79,Case_0735.h5,725,151,696414
Case_0736,valid_hdf5,train,228,Case_0736.h5,725,151,653406
Case_0737,valid_hdf5,train,233,Case_0737.h5,725,151,678055
Case_0738,valid_hdf5,train,146,Case_0738.h5,725,151,665498
Case_0739,valid_hdf5,train,176,Case_0739.h5,725,151,670704
Case_0740,valid_hdf5,test,,Case_0740.h5,725,151,677878
Case_0741,valid_hdf5,test,,Case_0741.h5,725,151,633919
Case_0742,valid_hdf5,train,758,Case_0742.h5,725,151,663527
Case_0743,valid_hdf5,train,404,Case_0743.h5,725,151,702446
Case_0744,valid_hdf5,train,95,Case_0744.h5,725,151,672580
Case_0745,valid_hdf5,train,261,Case_0745.h5,725,151,688969
Case_0746,valid_hdf5,train,771,Case_0746.h5,725,151,680364
Case_0747,valid_hdf5,test,,Case_0747.h5,725,151,686693
Case_0748,valid_hdf5,train,248,Case_0748.h5,725,151,707499
Case_0749,valid_hdf5,train,724,Case_0749.h5,725,151,665927
Case_0750,valid_hdf5,train,543,Case_0750.h5,725,151,674198
Case_0751,valid_hdf5,train,526,Case_0751.h5,725,151,709518
Case_0752,valid_hdf5,valid,,Case_0752.h5,725,151,693220
Case_0753,valid_hdf5,train,512,Case_0753.h5,725,151,663448
Case_0754,failed_terminal,excluded,,,,,
Case_0755,valid_hdf5,train,287,Case_0755.h5,725,151,670631
Case_0756,valid_hdf5,train,234,Case_0756.h5,725,151,706121
Case_0757,valid_hdf5,train,471,Case_0757.h5,725,151,632567
Case_0758,valid_hdf5,train,289,Case_0758.h5,725,151,704386
Case_0759,valid_hdf5,valid,,Case_0759.h5,725,151,632141
Case_0760,valid_hdf5,train,4,Case_0760.h5,725,151,678077
Case_0761,valid_hdf5,train,30,Case_0761.h5,725,151,697443
Case_0762,valid_hdf5,train,773,Case_0762.h5,725,151,667444
Case_0763,valid_hdf5,valid,,Case_0763.h5,725,151,655012
Case_0764,valid_hdf5,train,669,Case_0764.h5,725,151,691016
Case_0765,valid_hdf5,train,608,Case_0765.h5,725,151,714076
Case_0766,failed_terminal,excluded,,,,,
Case_0767,valid_hdf5,train,528,Case_0767.h5,725,151,686973
Case_0768,valid_hdf5,train,623,Case_0768.h5,725,151,628032
Case_0769,valid_hdf5,train,609,Case_0769.h5,725,151,682078
Case_0770,valid_hdf5,train,371,Case_0770.h5,725,151,700869
Case_0771,valid_hdf5,train,80,Case_0771.h5,725,151,677975
Case_0772,valid_hdf5,train,461,Case_0772.h5,725,151,670485
Case_0773,valid_hdf5,valid,,Case_0773.h5,725,151,680347
Case_0774,failed_terminal,excluded,,,,,
Case_0775,valid_hdf5,valid,,Case_0775.h5,725,151,678025
Case_0776,valid_hdf5,train,118,Case_0776.h5,725,151,653689
Case_0777,valid_hdf5,train,693,Case_0777.h5,725,151,701346
Case_0778,valid_hdf5,train,739,Case_0778.h5,725,151,684381
Case_0779,valid_hdf5,train,385,Case_0779.h5,725,151,728439
Case_0780,valid_hdf5,train,68,Case_0780.h5,725,151,680756
Case_0781,valid_hdf5,train,87,Case_0781.h5,725,151,657729
Case_0782,valid_hdf5,train,263,Case_0782.h5,725,151,675598
Case_0783,valid_hdf5,train,451,Case_0783.h5,725,151,683358
Case_0784,valid_hdf5,train,563,Case_0784.h5,725,151,662093
Case_0785,valid_hdf5,train,792,Case_0785.h5,725,151,705707
Case_0786,valid_hdf5,train,556,Case_0786.h5,725,151,658009
Case_0787,valid_hdf5,train,312,Case_0787.h5,725,151,637347
Case_0788,valid_hdf5,valid,,Case_0788.h5,725,151,698738
Case_0789,valid_hdf5,train,789,Case_0789.h5,725,151,710684
Case_0790,valid_hdf5,train,797,Case_0790.h5,725,151,666398
Case_0791,valid_hdf5,train,164,Case_0791.h5,725,151,659780
Case_0792,valid_hdf5,train,280,Case_0792.h5,725,151,696399
Case_0793,valid_hdf5,train,657,Case_0793.h5,725,151,683278
Case_0794,valid_hdf5,test,,Case_0794.h5,725,151,700254
Case_0795,valid_hdf5,train,653,Case_0795.h5,725,151,670913
Case_0796,valid_hdf5,valid,,Case_0796.h5,725,151,705217
Case_0797,valid_hdf5,train,241,Case_0797.h5,725,151,691332
Case_0798,valid_hdf5,test,,Case_0798.h5,725,151,692873
Case_0799,valid_hdf5,train,619,Case_0799.h5,725,151,688791
Case_0800,failed_terminal,excluded,,,,,
Case_0801,valid_hdf5,valid,,Case_0801.h5,725,151,642114
Case_0802,valid_hdf5,train,378,Case_0802.h5,725,151,675271
Case_0803,valid_hdf5,train,232,Case_0803.h5,725,151,671321
Case_0804,valid_hdf5,train,450,Case_0804.h5,725,151,664118
Case_0805,valid_hdf5,train,642,Case_0805.h5,725,151,643945
Case_0806,valid_hdf5,test,,Case_0806.h5,725,151,665949
Case_0807,valid_hdf5,train,586,Case_0807.h5,725,151,703959
Case_0808,valid_hdf5,train,72,Case_0808.h5,725,151,691875
Case_0809,valid_hdf5,train,761,Case_0809.h5,725,151,718985
Case_0810,valid_hdf5,train,106,Case_0810.h5,725,151,699565
Case_0811,valid_hdf5,train,445,Case_0811.h5,725,151,676287
Case_0812,valid_hdf5,train,499,Case_0812.h5,725,151,692911
Case_0813,valid_hdf5,train,752,Case_0813.h5,725,151,706219
Case_0814,valid_hdf5,test,,Case_0814.h5,725,151,698190
Case_0815,valid_hdf5,test,,Case_0815.h5,725,151,721079
Case_0816,valid_hdf5,train,444,Case_0816.h5,725,151,687367
Case_0817,valid_hdf5,test,,Case_0817.h5,725,151,671044
Case_0818,valid_hdf5,train,681,Case_0818.h5,725,151,673599
Case_0819,valid_hdf5,train,384,Case_0819.h5,725,151,688740
Case_0820,valid_hdf5,train,401,Case_0820.h5,725,151,687621
Case_0821,valid_hdf5,train,17,Case_0821.h5,725,151,683604
Case_0822,valid_hdf5,train,405,Case_0822.h5,725,151,675606
Case_0823,valid_hdf5,train,719,Case_0823.h5,725,151,694657
Case_0824,valid_hdf5,train,89,Case_0824.h5,725,151,635812
Case_0825,valid_hdf5,train,549,Case_0825.h5,725,151,685592
Case_0826,valid_hdf5,train,680,Case_0826.h5,725,151,681868
Case_0827,valid_hdf5,train,496,Case_0827.h5,725,151,683585
Case_0828,valid_hdf5,train,624,Case_0828.h5,725,151,660647
Case_0829,valid_hdf5,train,132,Case_0829.h5,725,151,703974
Case_0830,valid_hdf5,train,338,Case_0830.h5,725,151,696171
Case_0831,valid_hdf5,train,596,Case_0831.h5,725,151,659762
Case_0832,valid_hdf5,train,169,Case_0832.h5,725,151,687917
Case_0833,valid_hdf5,valid,,Case_0833.h5,725,151,682054
Case_0834,valid_hdf5,test,,Case_0834.h5,725,151,666858
Case_0835,valid_hdf5,valid,,Case_0835.h5,725,151,674792
Case_0836,valid_hdf5,train,168,Case_0836.h5,725,151,648606
Case_0837,valid_hdf5,train,225,Case_0837.h5,725,151,710934
Case_0838,valid_hdf5,train,143,Case_0838.h5,725,151,701596
Case_0839,valid_hdf5,valid,,Case_0839.h5,725,151,682135
Case_0840,valid_hdf5,train,209,Case_0840.h5,725,151,705991
Case_0841,valid_hdf5,train,559,Case_0841.h5,725,151,679064
Case_0842,valid_hdf5,train,359,Case_0842.h5,725,151,685825
Case_0843,valid_hdf5,valid,,Case_0843.h5,725,151,686983
Case_0844,valid_hdf5,train,454,Case_0844.h5,725,151,631762
Case_0845,valid_hdf5,train,599,Case_0845.h5,725,151,687965
Case_0846,valid_hdf5,train,607,Case_0846.h5,725,151,690888
Case_0847,valid_hdf5,train,5,Case_0847.h5,725,151,691844
Case_0848,valid_hdf5,train,151,Case_0848.h5,725,151,697495
Case_0849,valid_hdf5,train,122,Case_0849.h5,725,151,684363
Case_0850,valid_hdf5,train,439,Case_0850.h5,725,151,649686
Case_0851,valid_hdf5,train,301,Case_0851.h5,725,151,635283
Case_0852,valid_hdf5,train,568,Case_0852.h5,725,151,693967
Case_0853,valid_hdf5,train,218,Case_0853.h5,725,151,671063
Case_0854,valid_hdf5,train,419,Case_0854.h5,725,151,678745
Case_0855,valid_hdf5,train,251,Case_0855.h5,725,151,685757
Case_0856,valid_hdf5,train,676,Case_0856.h5,725,151,685826
Case_0857,valid_hdf5,train,760,Case_0857.h5,725,151,692458
Case_0858,valid_hdf5,train,741,Case_0858.h5,725,151,646549
Case_0859,valid_hdf5,train,170,Case_0859.h5,725,151,689740
Case_0860,valid_hdf5,train,764,Case_0860.h5,725,151,641862
Case_0861,valid_hdf5,train,256,Case_0861.h5,725,151,654660
Case_0862,valid_hdf5,train,580,Case_0862.h5,725,151,660015
Case_0863,failed_terminal,excluded,,,,,
Case_0864,failed_terminal,excluded,,,,,
Case_0865,valid_hdf5,train,564,Case_0865.h5,725,151,680129
Case_0866,valid_hdf5,test,,Case_0866.h5,725,151,616193
Case_0867,valid_hdf5,train,290,Case_0867.h5,725,151,685309
Case_0868,valid_hdf5,train,477,Case_0868.h5,725,151,703632
Case_0869,valid_hdf5,train,432,Case_0869.h5,725,151,667545
Case_0870,valid_hdf5,train,426,Case_0870.h5,725,151,660746
Case_0871,valid_hdf5,train,535,Case_0871.h5,725,151,689208
Case_0872,failed_terminal,excluded,,,,,
Case_0873,valid_hdf5,train,537,Case_0873.h5,725,151,708739
Case_0874,valid_hdf5,train,49,Case_0874.h5,725,151,621312
Case_0875,valid_hdf5,train,630,Case_0875.h5,725,151,666350
Case_0876,valid_hdf5,train,224,Case_0876.h5,725,151,656984
Case_0877,valid_hdf5,test,,Case_0877.h5,725,151,667667
Case_0878,valid_hdf5,train,42,Case_0878.h5,725,151,696742
Case_0879,valid_hdf5,train,647,Case_0879.h5,725,151,711751
Case_0880,valid_hdf5,valid,,Case_0880.h5,725,151,679747
Case_0881,valid_hdf5,train,314,Case_0881.h5,725,151,644715
Case_0882,valid_hdf5,valid,,Case_0882.h5,725,151,679484
Case_0883,valid_hdf5,train,131,Case_0883.h5,725,151,698483
Case_0884,valid_hdf5,train,731,Case_0884.h5,725,151,724971
Case_0885,valid_hdf5,train,493,Case_0885.h5,725,151,724526
Case_0886,valid_hdf5,train,238,Case_0886.h5,725,151,711871
Case_0887,valid_hdf5,train,408,Case_0887.h5,725,151,651489
Case_0888,valid_hdf5,train,370,Case_0888.h5,725,151,692446
Case_0889,valid_hdf5,train,709,Case_0889.h5,725,151,671844
Case_0890,failed_terminal,excluded,,,,,
Case_0891,valid_hdf5,valid,,Case_0891.h5,725,151,695934
Case_0892,valid_hdf5,train,175,Case_0892.h5,725,151,675367
Case_0893,valid_hdf5,train,598,Case_0893.h5,725,151,696223
Case_0894,valid_hdf5,valid,,Case_0894.h5,725,151,716942
Case_0895,valid_hdf5,test,,Case_0895.h5,725,151,706935
Case_0896,failed_terminal,excluded,,,,,
Case_0897,valid_hdf5,train,88,Case_0897.h5,725,151,671394
Case_0898,valid_hdf5,test,,Case_0898.h5,725,151,682842
Case_0899,valid_hdf5,train,618,Case_0899.h5,725,151,680417
Case_0900,valid_hdf5,valid,,Case_0900.h5,725,151,681893
Case_0901,valid_hdf5,train,105,Case_0901.h5,725,151,682154
Case_0902,valid_hdf5,train,126,Case_0902.h5,725,151,700203
Case_0903,valid_hdf5,train,257,Case_0903.h5,725,151,683934
Case_0904,valid_hdf5,train,745,Case_0904.h5,725,151,690387
Case_0905,valid_hdf5,train,360,Case_0905.h5,725,151,658863
Case_0906,valid_hdf5,train,231,Case_0906.h5,725,151,697052
Case_0907,valid_hdf5,train,696,Case_0907.h5,725,151,679610
Case_0908,valid_hdf5,train,611,Case_0908.h5,725,151,679945
Case_0909,valid_hdf5,train,77,Case_0909.h5,725,151,677637
Case_0910,valid_hdf5,train,111,Case_0910.h5,725,151,671229
Case_0911,valid_hdf5,valid,,Case_0911.h5,725,151,659159
Case_0912,valid_hdf5,train,716,Case_0912.h5,725,151,668312
Case_0913,valid_hdf5,train,211,Case_0913.h5,725,151,688738
Case_0914,valid_hdf5,train,327,Case_0914.h5,725,151,678328
Case_0915,valid_hdf5,train,215,Case_0915.h5,725,151,692555
Case_0916,valid_hdf5,train,7,Case_0916.h5,725,151,700526
Case_0917,valid_hdf5,train,182,Case_0917.h5,725,151,688300
Case_0918,valid_hdf5,train,13,Case_0918.h5,725,151,676673
Case_0919,failed_terminal,excluded,,,,,
Case_0920,valid_hdf5,train,728,Case_0920.h5,725,151,625368
Case_0921,valid_hdf5,train,62,Case_0921.h5,725,151,665278
Case_0922,valid_hdf5,valid,,Case_0922.h5,725,151,657938
Case_0923,valid_hdf5,train,501,Case_0923.h5,725,151,658899
Case_0924,valid_hdf5,valid,,Case_0924.h5,725,151,697855
Case_0925,valid_hdf5,train,648,Case_0925.h5,725,151,697113
Case_0926,valid_hdf5,train,73,Case_0926.h5,725,151,705978
Case_0927,valid_hdf5,train,172,Case_0927.h5,725,151,659739
Case_0928,valid_hdf5,train,763,Case_0928.h5,725,151,678691
Case_0929,valid_hdf5,train,474,Case_0929.h5,725,151,697878
Case_0930,valid_hdf5,train,614,Case_0930.h5,725,151,668450
Case_0931,valid_hdf5,test,,Case_0931.h5,725,151,650650
Case_0932,valid_hdf5,train,579,Case_0932.h5,725,151,725422
Case_0933,valid_hdf5,valid,,Case_0933.h5,725,151,666802
Case_0934,valid_hdf5,train,329,Case_0934.h5,725,151,633156
Case_0935,valid_hdf5,train,620,Case_0935.h5,725,151,661460
Case_0936,valid_hdf5,train,315,Case_0936.h5,725,151,675530
Case_0937,valid_hdf5,train,321,Case_0937.h5,725,151,680880
Case_0938,valid_hdf5,valid,,Case_0938.h5,725,151,701263
Case_0939,valid_hdf5,train,311,Case_0939.h5,725,151,667721
Case_0940,valid_hdf5,train,396,Case_0940.h5,725,151,676939
Case_0941,valid_hdf5,train,162,Case_0941.h5,725,151,688160
Case_0942,valid_hdf5,valid,,Case_0942.h5,725,151,690763
Case_0943,valid_hdf5,train,48,Case_0943.h5,725,151,696781
Case_0944,valid_hdf5,train,124,Case_0944.h5,725,151,716433
Case_0945,valid_hdf5,train,516,Case_0945.h5,725,151,692668
Case_0946,failed_terminal,excluded,,,,,
Case_0947,valid_hdf5,train,713,Case_0947.h5,725,151,676097
Case_0948,valid_hdf5,train,382,Case_0948.h5,725,151,664231
Case_0949,valid_hdf5,valid,,Case_0949.h5,725,151,638392
Case_0950,valid_hdf5,train,193,Case_0950.h5,725,151,666678
Case_0951,valid_hdf5,train,476,Case_0951.h5,725,151,676683
Case_0952,valid_hdf5,train,788,Case_0952.h5,725,151,682353
Case_0953,valid_hdf5,train,393,Case_0953.h5,725,151,702409
Case_0954,valid_hdf5,train,712,Case_0954.h5,725,151,673805
Case_0955,valid_hdf5,train,616,Case_0955.h5,725,151,718084
Case_0956,valid_hdf5,train,635,Case_0956.h5,725,151,701159
Case_0957,valid_hdf5,train,128,Case_0957.h5,725,151,697886
Case_0958,valid_hdf5,train,637,Case_0958.h5,725,151,686528
Case_0959,valid_hdf5,train,205,Case_0959.h5,725,151,717258
Case_0960,valid_hdf5,train,206,Case_0960.h5,725,151,677405
Case_0961,valid_hdf5,train,86,Case_0961.h5,725,151,672034
Case_0962,valid_hdf5,train,351,Case_0962.h5,725,151,649161
Case_0963,valid_hdf5,train,180,Case_0963.h5,725,151,692557
Case_0964,valid_hdf5,train,755,Case_0964.h5,725,151,654819
Case_0965,valid_hdf5,train,319,Case_0965.h5,725,151,670057
Case_0966,valid_hdf5,train,498,Case_0966.h5,725,151,676681
Case_0967,valid_hdf5,train,542,Case_0967.h5,725,151,707894
Case_0968,failed_terminal,excluded,,,,,
Case_0969,valid_hdf5,train,435,Case_0969.h5,725,151,632665
Case_0970,valid_hdf5,valid,,Case_0970.h5,725,151,704828
Case_0971,valid_hdf5,train,701,Case_0971.h5,725,151,705108
Case_0972,valid_hdf5,train,557,Case_0972.h5,725,151,676891
Case_0973,valid_hdf5,test,,Case_0973.h5,725,151,695363
Case_0974,valid_hdf5,train,597,Case_0974.h5,725,151,677679
Case_0975,valid_hdf5,train,656,Case_0975.h5,725,151,641679
Case_0976,valid_hdf5,train,19,Case_0976.h5,725,151,682340
Case_0977,valid_hdf5,train,449,Case_0977.h5,725,151,701523
Case_0978,valid_hdf5,train,386,Case_0978.h5,725,151,668294
Case_0979,valid_hdf5,train,715,Case_0979.h5,725,151,683400
Case_0980,valid_hdf5,train,274,Case_0980.h5,725,151,702841
Case_0981,valid_hdf5,train,484,Case_0981.h5,725,151,643980
Case_0982,valid_hdf5,train,3,Case_0982.h5,725,151,702898
Case_0983,valid_hdf5,train,677,Case_0983.h5,725,151,675146
Case_0984,valid_hdf5,train,757,Case_0984.h5,725,151,632245
Case_0985,valid_hdf5,test,,Case_0985.h5,725,151,638063
Case_0986,valid_hdf5,train,226,Case_0986.h5,725,151,661600
Case_0987,valid_hdf5,train,770,Case_0987.h5,725,151,707506
Case_0988,valid_hdf5,train,252,Case_0988.h5,725,151,683054
Case_0989,valid_hdf5,valid,,Case_0989.h5,725,151,687341
Case_0990,valid_hdf5,train,136,Case_0990.h5,725,151,708959
Case_0991,valid_hdf5,train,750,Case_0991.h5,725,151,681099
Case_0992,valid_hdf5,train,374,Case_0992.h5,725,151,703028
Case_0993,valid_hdf5,train,659,Case_0993.h5,725,151,714840
Case_0994,valid_hdf5,train,149,Case_0994.h5,725,151,679447
Case_0995,valid_hdf5,train,692,Case_0995.h5,725,151,644371
Case_0996,valid_hdf5,train,45,Case_0996.h5,725,151,671666
Case_0997,valid_hdf5,valid,,Case_0997.h5,725,151,714927
Case_0998,valid_hdf5,train,165,Case_0998.h5,725,151,699061
Case_0999,valid_hdf5,train,615,Case_0999.h5,725,151,695119
Case_1000,valid_hdf5,train,600,Case_1000.h5,725,151,683350
